id,title,authors,resource_type,form,summary,tags,language,date,license_or_rights,url,canonical_url,purchase_store,purchase_url,asin,amazon_affiliate_ready,recommended_for,estimated_read_time_minutes,media_embed_url,image_url,notes,source_citation_site,source_citation_author,source_citation_date,source_citation_url,confidence_score,duplicate_of
hc-r-scott-clark-the-heidelberg-catec-2025,"The Heidelberg Catechism: A Historical, Theological, and Pastoral Commentary",R. Scott Clark,commentary,Heidelberg,"Comprehensive 1,060-page commentary reflecting on the catechism's theology, piety, and practice, commenting on each of its 129 questions. Published 2025.","commentary, theological, pastoral, comprehensive",English,2025-11,Copyright,https://www.amazon.com/Heidelberg-Catechism-Historical-Theological-Commentary/dp/1683598202,https://www.amazon.com/Heidelberg-Catechism-Historical-Theological-Commentary/dp/1683598202,Amazon,https://www.amazon.com/Heidelberg-Catechism-Historical-Theological-Commentary/dp/1683598202,1683598202,TRUE,"Pastors, seminary students, serious Bible students",,,,Published by Lexham Press. Major new release from Westminster Seminary California professor.,"heidelblog.net, amazon.com",,,,100,
hc-the-reformed-church-in-the-united-states-the-heidelberg-catec-2013,"The Heidelberg Catechism, 450th Anniversary Edition",The Reformed Church in the United States,catechism_text,Heidelberg,450th Anniversary Edition with all references in NKJV and updated language adopted by RCUS Synod in 2011.,"catechism, anniversary edition, NKJV",English,2013,Copyright,https://www.amazon.com/Heidelberg-Catechism-450th-Anniversary/dp/1490930272,https://www.amazon.com/Heidelberg-Catechism-450th-Anniversary/dp/1490930272,Amazon,https://www.amazon.com/Heidelberg-Catechism-450th-Anniversary/dp/1490930272,1490930272,TRUE,"All ages, churches",,,,Updated language for contemporary use,amazon.com,,,,100,
hc-heidelberg-katechismus-the-heidelberg-catec,The Heidelberg Catechism With Scripture Texts,Heidelberg Katechismus,catechism_text,Heidelberg,Complete catechism with all supporting Scripture texts (NIV) printed out for easy reference.,"catechism, scripture references, NIV, study",English,,Copyright,https://www.amazon.com/Heidelberg-Catechism-Scripture-Texts/dp/093026567X,https://www.amazon.com/Heidelberg-Catechism-Scripture-Texts/dp/093026567X,Amazon,https://www.amazon.com/Heidelberg-Catechism-Scripture-Texts/dp/093026567X,093026567X,TRUE,"Bible study groups, personal study",,,,Includes full scripture references printed out,amazon.com,,,,100,
hc-zacharius-ursinus-caspar-olevianus-the-heidelberg-catec-1563,The Heidelberg Catechism,"Zacharius Ursinus, Caspar Olevianus",catechism_text,Heidelberg,"Standard edition of the Heidelberg Catechism by P&R Publishing. Soundly Calvinistic, moderate in tone and irenic in spirit.","catechism, reformed, classic",English,1563/reprint,Copyright,https://www.amazon.com/Heidelberg-Catechism-Zacharius-Ursinus/dp/1601785194,https://www.amazon.com/Heidelberg-Catechism-Zacharius-Ursinus/dp/1601785194,Amazon,https://www.amazon.com/Heidelberg-Catechism-Zacharius-Ursinus/dp/1601785194,1601785194,TRUE,"All ages, general readership",,,,P&R Publishing edition,amazon.com,,,,100,
hc-zacharius-ursinus-the-heidelberg-catec-2014,The Heidelberg Catechism (Gift Editions),Zacharius Ursinus,catechism_text,Heidelberg,Pocket-sized gift edition from Banner of Truth's Pocket Puritan series. Beautiful soft imitation leather cover with engraved text.,"catechism, gift edition, pocket puritan, leather",English,2014-01,Copyright,https://www.amazon.com/Heidelberg-Catechism-Zacharius-Ursinus/dp/1848712944,https://www.amazon.com/Heidelberg-Catechism-Zacharius-Ursinus/dp/1848712944,Amazon,https://www.amazon.com/Heidelberg-Catechism-Zacharius-Ursinus/dp/1848712944,1848712944,TRUE,"Gift giving, personal devotion",,,,"Banner of Truth Pocket Puritan series, 88 pages","amazon.com, banneroftruth.org",,,,100,
hc-zacharias-ursinus-jonathan-shirk-editor-the-heidelberg-catec-2023,The Heidelberg Catechism: True Comfort for Life & Death,"Zacharias Ursinus, Jonathan Shirk (editor)",catechism_text,Heidelberg,"Kindle edition based on the Canadian Reformed Churches version, lightly revised with ESV Bible quotations.","catechism, kindle, digital, ESV",English,2023-09-11,Copyright,https://www.amazon.com/Heidelberg-Catechism-True-Comfort-Death-ebook/dp/B0CHWNG19W,https://www.amazon.com/Heidelberg-Catechism-True-Comfort-Death-ebook/dp/B0CHWNG19W,Amazon,https://www.amazon.com/Heidelberg-Catechism-True-Comfort-Death-ebook/dp/B0CHWNG19W,B0CHWNG19W,TRUE,"Digital readers, mobile study",,,,Published by Small Town Theologian,amazon.com,,,,100,
hc-amanda-martin-my-only-comfort-the--2024,My Only Comfort: The Heidelberg Catechism for Devotional Reading,Amanda Martin,devotional,Heidelberg,Devotional format edition of the Heidelberg Catechism designed for daily reading and reflection.,"devotional, daily reading, personal study",English,2024,Copyright,https://www.amazon.com/Only-Comfort-Heidelberg-Catechism-Devotional/dp/B0D6PS8T69,https://www.amazon.com/Only-Comfort-Heidelberg-Catechism-Devotional/dp/B0D6PS8T69,Amazon,https://www.amazon.com/Only-Comfort-Heidelberg-Catechism-Devotional/dp/B0D6PS8T69,B0D6PS8T69,TRUE,"Personal devotions, daily reading",,,,Recent publication for devotional use,amazon.com,,,,95,
hc-rev-norman-l-jones-study-helps-on-the-h,Study Helps on the Heidelberg Catechism,Rev. Norman L. Jones,study_guide,Heidelberg,Studies intended to help lead covenant youth into the riches of the Heidelberg Catechism.,"study guide, youth, covenant children",English,,Copyright,https://www.amazon.com/Study-Helps-Heidelberg-Catechism-Norman/dp/1466349107,https://www.amazon.com/Study-Helps-Heidelberg-Catechism-Norman/dp/1466349107,Amazon,https://www.amazon.com/Study-Helps-Heidelberg-Catechism-Norman/dp/1466349107,1466349107,TRUE,"Youth, confirmation classes",,,,Designed for covenant youth instruction,amazon.com,,,,95,
hc-zacharias-ursinus-gw-williard-translator-the-commentary-of-dr-1584,The Commentary of Dr. Zacharias Ursinus on the Heidelberg Catechism,"Zacharias Ursinus, G.W. Williard (translator)",commentary,Heidelberg,"Classic commentary by the principal author of the Heidelberg Catechism. Compiled from his lectures in Neustadt, Germany. Originally published posthumously in 1584, English translation from 1851.","commentary, classic, historical, authoritative",English,1584/1851/2025,"Public Domain (original), Copyright (new editions)",https://www.amazon.com/Commentary-Zacharias-Ursinus-Heidelberg-Catechism/dp/0875524540,https://www.amazon.com/Commentary-Zacharias-Ursinus-Heidelberg-Catechism/dp/0875524540,Amazon,https://www.amazon.com/Commentary-Zacharias-Ursinus-Heidelberg-Catechism/dp/0875524540,0875524540,TRUE,"Pastors, scholars, serious students",,,,2025 RFPA edition improved for readability. Also available free on Internet Archive.,"archive.org, heritagebooks.org, logos.com",,,,100,
hc-g-i-williamson-the-heidelberg-catec-1993,The Heidelberg Catechism: A Study Guide,G. I. Williamson,study_guide,Heidelberg,"Popular study guide with 129 questions and answers, clear exposition, and questions for review, further study, and discussion. Broken into 52 sections.","study guide, discussion questions, group study",English,1993,Copyright,https://www.amazon.com/Heidelberg-Catechism-Study-Guide/dp/0875525512,https://www.amazon.com/Heidelberg-Catechism-Study-Guide/dp/0875525512,Amazon,https://www.amazon.com/Heidelberg-Catechism-Study-Guide/dp/0875525512,0875525512,TRUE,"Small groups, Sunday school, personal study",,,,Published by P&R Publishing. Highly recommended by Kevin DeYoung.,"amazon.com, wtsbooks.com, heritagebooks.org",,,,100,
hc-kevin-deyoung-the-good-news-we-alm-2010,The Good News We Almost Forgot: Rediscovering the Gospel in a 16th Century Catechism,Kevin DeYoung,exposition,Heidelberg,Explores the Heidelberg Catechism in 52 brief chapters on what DeYoung has learned from it. Popular modern treatment.,"exposition, modern, accessible, gospel",English,2010,Copyright,https://www.moodypublishers.com/the-good-news-we-almost-forgot/,https://www.moodypublishers.com/the-good-news-we-almost-forgot/,Moody Publishers,https://store.ligonier.org/the-good-news-we-almost-forgot-paperback,,FALSE,"General readers, new to Reformed theology",,,,Also available from Ligonier Ministries. Includes sermon series.,"christcovenant.org, ligonier.org",,,,100,
hc-theodorus-vandergroe-bartel-elshout-translator-joe-the-christians-only--2016,The Christian's Only Comfort in Life and Death: An Exposition of the Heidelberg Catechism (2 Volumes),"Theodorus VanderGroe, Bartel Elshout (translator), Joel Beeke (editor)",commentary,Heidelberg,"Dutch Second Reformation commentary (1705-1784), magnum opus of VanderGroe. First English translation. Highly regarded alongside Brakel's work.","commentary, Dutch Second Reformation, classic, experiential",English,2016,Copyright,https://www.amazon.com/Christians-Only-Comfort-Life-Death/dp/1601784988,https://www.amazon.com/Christians-Only-Comfort-Life-Death/dp/1601784988,Amazon,https://www.amazon.com/Christians-Only-Comfort-Life-Death/dp/1601784988,1601784988,TRUE,"Pastors, serious students, experiential Reformed",,,,"Published by Reformation Heritage Books. 2 volumes, comprehensive.","amazon.com, heritagebooks.org",,,,100,
hc-joyce-holstege-meagan-krosschell-i-belong-heidelberg-,I Belong: Heidelberg Catechism Question and Answer 1 for Children,"Joyce Holstege, Meagan Krosschell",children,Heidelberg,Picture book for ages 4-7 explaining each phrase of Heidelberg Catechism Q&A 1 to young children with colorful illustrations.,"children, picture book, ages 4-7, devotional",English,,Copyright,https://www.amazon.com/Belong-Heidelberg-Catechism-Question-Children/dp/1736815415,https://www.amazon.com/Belong-Heidelberg-Catechism-Question-Children/dp/1736815415,Amazon,https://www.amazon.com/Belong-Heidelberg-Catechism-Question-Children/dp/1736815415,1736815415,TRUE,"Young children, family devotions",,,,Also available from RFPA,"amazon.com, rfpa.org",,,,100,
hc-starr-meade-comforting-hearts-te,"Comforting Hearts, Teaching Minds: Family Devotions Based on the Heidelberg Catechism",Starr Meade,devotional,Heidelberg,Takes families with school-age children through The Heidelberg Catechism with short devotional readings and Bible passages. Provides a year or more of family devotions.,"devotional, family, children, daily reading",English,,Copyright,https://www.amazon.com/Comforting-Hearts-Teaching-Minds-Heidelberg/dp/1596384654,https://www.amazon.com/Comforting-Hearts-Teaching-Minds-Heidelberg/dp/1596384654,Amazon,https://www.amazon.com/Comforting-Hearts-Teaching-Minds-Heidelberg/dp/1596384654,1596384654,TRUE,Families with school-age children,,,,Available from Reformation Heritage Books and other retailers,"amazon.com, heritagebooks.org",,,,100,
hc-lyle-d-bierma-charles-d-gunnoe-jr-karin-maag-paul--an-introduction-to-t-2005,"An Introduction to the Heidelberg Catechism: Sources, History, and Theology","Lyle D. Bierma, Charles D. Gunnoe Jr., Karin Maag, Paul W. Fields",academic,Heidelberg,"Scholarly examination of historical background, socio-political origins, purpose, authorship, sources, and theology. Includes first English translations of Ursinus's Smaller and Larger Catechisms.","academic, historical, theological, scholarly",English,2005,Copyright,https://www.amazon.com/Introduction-Heidelberg-Catechism-Reformation-Post-Reformation/dp/0801031176,https://www.amazon.com/Introduction-Heidelberg-Catechism-Reformation-Post-Reformation/dp/0801031176,Amazon,https://www.amazon.com/Introduction-Heidelberg-Catechism-Reformation-Post-Reformation/dp/0801031176,0801031176,TRUE,"Seminary students, scholars, pastors",,,,"Baker Academic, Texts and Studies in Reformation series","amazon.com, cvbbs.com",,,,100,
hc-lyle-d-bierma-the-theology-of-the--2013,The Theology of the Heidelberg Catechism: A Reformation Synthesis,Lyle D. Bierma,academic,Heidelberg,"Published for 450th anniversary, explores the catechism in historical setting and emphasizes integration of Lutheran and Reformed traditions.","academic, theology, historical, synthesis",English,2013,Copyright,https://www.amazon.com/Theology-Heidelberg-Catechism-Reformation-Synthesis/dp/0664238548,https://www.amazon.com/Theology-Heidelberg-Catechism-Reformation-Synthesis/dp/0664238548,Amazon,https://www.amazon.com/Theology-Heidelberg-Catechism-Reformation-Synthesis/dp/0664238548,0664238548,TRUE,"Seminary students, theologians, church historians",,,,"Westminster John Knox Press, Columbia Series in Reformed Theology","amazon.com, wjkbooks.com",,,,100,
hc-jon-d-payne-sebastian-heck-editors-contributors-jo-a-faith-worth-teachi-2013,A Faith Worth Teaching: The Heidelberg Catechism's Enduring Heritage,"Jon D. Payne, Sebastian Heck (editors), contributors: Joel Beeke, Michael Horton, Lyle Bierma, D.G. Hart, and others",multi_author_collection,Heidelberg,"Multi-author volume examining various aspects of the Heidelberg Catechism. Includes chapters on justification, baptism, preaching, and church.","academic, multi-author, theological, practical",English,2013,Copyright,https://www.amazon.com/Faith-Worth-Teaching-Heidelberg-Catechisms/dp/1601782187,https://www.amazon.com/Faith-Worth-Teaching-Heidelberg-Catechisms/dp/1601782187,Amazon,https://www.amazon.com/Faith-Worth-Teaching-Heidelberg-Catechisms/dp/1601782187,1601782187,TRUE,"Pastors, seminary students, church leaders",,,,Reformation Heritage Books. Endorsed by Sinclair Ferguson.,"amazon.com, heritagebooks.org",,,,100,
hc-fred-h-klooster-our-only-comfort-a-c-2001,Our Only Comfort: A Comprehensive Commentary on the Heidelberg Catechism (2 Volume Set),Fred H. Klooster,commentary,Heidelberg,"Comprehensive 1,272-page commentary (2 volumes) with full catechism texts in German and English, detailed expositions, word studies, doctrinal summaries, and applications. Klooster's last major work.","commentary, comprehensive, scholarly, pastoral",English,2001,Copyright,https://www.amazon.com/Our-Only-Comfort-Comprehensive-Commentary/dp/1562126970,https://www.amazon.com/Our-Only-Comfort-Comprehensive-Commentary/dp/1562126970,Amazon,https://www.amazon.com/Our-Only-Comfort-Comprehensive-Commentary/dp/1562126970,1562126970,TRUE,"Pastors, scholars, serious students",,,,Published by Faith Alive Christian Resources. Highly regarded modern commentary.,"amazon.com, faithaliveresources.org",,,,100,
hc-joel-r-beeke-heidelberg-catechism-1999,Heidelberg Catechism Sermons (2 volumes),Joel R. Beeke,sermon_collection,Heidelberg,"Comprehensive sermon series through all 52 Lord's Days. 2 volumes, 1,922 pages total. Earlier edition in 5 volumes also available.","sermons, preaching, exposition, pastoral",English,1999,Copyright,,,Reformation Heritage Books,https://www.heritagebooks.org,,FALSE,"Pastors, preachers, serious students",,,,Published by RHB. Comprehensive expository preaching.,"heritagebooks.org, reformedbooksonline.com",,,,95,
hc-cornelis-vonk-jordan-j-ballor-nelson-d-kloosterman-living-and-dying-in--2013,Living and Dying in Joy: A Devotional Guide to the Heidelberg Catechism,"Cornelis Vonk, Jordan J. Ballor, Nelson D. Kloosterman",devotional,Heidelberg,"Devotional guide focusing on biblical background and exposition of misery, redemption, and gratitude. Published for 450th anniversary.","devotional, biblical exposition, personal study",English,2013,Copyright,https://www.amazon.com/Living-Dying-Joy-Devotional-Heidelberg/dp/1938948696,https://www.amazon.com/Living-Dying-Joy-Devotional-Heidelberg/dp/1938948696,Amazon,https://www.amazon.com/Living-Dying-Joy-Devotional-Heidelberg/dp/1938948696,1938948696,TRUE,"Personal devotions, family worship, children's classes",,,,Also available on Logos Bible Software and Acton Institute,"amazon.com, logos.com, acton.org",,,,100,
hc-neal-d-presa-our-only-comfort-52--2015,Our Only Comfort: 52 Reflections on the Heidelberg Catechism,Neal D. Presa,devotional,Heidelberg,52 reflections on the Heidelberg Catechism for personal meditation and group study.,"devotional, reflections, weekly study",English,2015-03,Copyright,https://www.amazon.com/Our-Only-Comfort-Reflections-Heidelberg/dp/0664260691,https://www.amazon.com/Our-Only-Comfort-Reflections-Heidelberg/dp/0664260691,Amazon,https://www.amazon.com/Our-Only-Comfort-Reflections-Heidelberg/dp/0664260691,0664260691,TRUE,"Personal devotions, small groups",,,,Published by Westminster John Knox Press,"amazon.com, wjkbooks.com",,,,95,
hc-karl-barth-shirley-c-guthrie-jr-translator-learning-jesus-chris-1964,Learning Jesus Christ through the Heidelberg Catechism,"Karl Barth, Shirley C. Guthrie Jr. (translator)",theological_exposition,Heidelberg,Two essays for 400th anniversary: question-by-question interpretation and introduction examining fundamental questions. Provides glimpse of Barth's theology.,"theological, 20th century, neo-orthodox, academic",English,1964/1981,Copyright,https://www.amazon.com/Learning-Christ-Through-Heidelberg-Catechism/dp/0802818935,https://www.amazon.com/Learning-Christ-Through-Heidelberg-Catechism/dp/0802818935,Amazon,https://www.amazon.com/Learning-Christ-Through-Heidelberg-Catechism/dp/0802818935,0802818935,TRUE,"Theologians, seminary students, scholars",,,,Originally published by Eerdmans. Now available from Wipf and Stock.,"amazon.com, wipfandstock.com",,,,100,
hc-arnold-huijgen-editor-the-spirituality-of--2015,The Spirituality of the Heidelberg Catechism: Papers of the International Conference,Arnold Huijgen (editor),academic,Heidelberg,Conference proceedings from June 2013 at Theological University Apeldoorn. Papers on catechism's spirituality from historical and theological perspectives.,"academic, conference proceedings, spirituality, scholarly",English,2015,Copyright,https://www.amazon.com/Spirituality-Heidelberg-Catechism-International-Conference/dp/3525550847,https://www.amazon.com/Spirituality-Heidelberg-Catechism-International-Conference/dp/3525550847,Amazon,https://www.amazon.com/Spirituality-Heidelberg-Catechism-International-Conference/dp/3525550847,3525550847,TRUE,"Scholars, theologians, church historians",,,,"Vandenhoeck & Ruprecht, Refo500 Academic Studies series, Vol. 24","amazon.com, vandenhoeck-ruprecht-verlage.com",,,,100,
hc-karla-apperloo-boersma-herman-j-selderhuis-editors-power-of-faith-450-y-2013,Power of Faith: 450 Years of the Heidelberg Catechism,"Karla Apperloo-Boersma, Herman J. Selderhuis (editors)",academic,Heidelberg,440-page volume with conference papers from March 2011. Includes over 700 photographs depicting objects in exhibition.,"academic, conference proceedings, historical, illustrated",English,2013-03,Copyright,https://www.amazon.com/Power-Faith-Years-Heidelberg-Catechism/dp/3525550499,https://www.amazon.com/Power-Faith-Years-Heidelberg-Catechism/dp/3525550499,Amazon,https://www.amazon.com/Power-Faith-Years-Heidelberg-Catechism/dp/3525550499,3525550499,TRUE,"Scholars, historians, libraries",,,,Vandenhoeck & Ruprecht. Conference supported by Johannes A Lasco Library.,amazon.com,,,,100,
hc-christian-reformed-church-the-heidelberg-catec-1988,The Heidelberg Catechism (1988 Translation),Christian Reformed Church,catechism_text,Heidelberg,"1975 translation updated in 1988, approved by the synod of the Christian Reformed Church.","catechism, CRC, official translation",English,1988,Copyright,https://www.faithaliveresources.org/Products/155290/the-heidelberg-catechism-1988-translation.aspx,https://www.faithaliveresources.org/Products/155290/the-heidelberg-catechism-1988-translation.aspx,Faith Alive Christian Resources,https://www.faithaliveresources.org/Products/155290/the-heidelberg-catechism-1988-translation.aspx,,FALSE,"CRC churches, general use",,,,Official CRC translation,faithaliveresources.org,,,,100,
hc-christian-reformed-church-and-other-reformedpresby-the-heidelberg-catec-2011,The Heidelberg Catechism (2011 Translation),Christian Reformed Church and other Reformed/Presbyterian churches,catechism_text,Heidelberg,Fresh and accurate 2011 translation from 1563 German and Latin texts. Ecumenical effort recommended for Reformed and Presbyterian churches.,"catechism, modern translation, ecumenical",English,2011,Copyright,https://www.faithaliveresources.org/Products/155293/the-heidelberg-catechism-2011-translation.aspx,https://www.faithaliveresources.org/Products/155293/the-heidelberg-catechism-2011-translation.aspx,Faith Alive Christian Resources,https://www.faithaliveresources.org/Products/155293/the-heidelberg-catechism-2011-translation.aspx,,FALSE,Reformed and Presbyterian churches,,,,Developed by pastors and scholars from various Reformed/Presbyterian churches,faithaliveresources.org,,,,100,
hc-great-commission-publications-creeds-and-confessio-2019,Creeds and Confessions (includes Heidelberg Catechism),Great Commission Publications,catechism_text,Heidelberg,"174-page publication including Ecumenical Creeds and Three Forms of Unity (Belgic, Heidelberg, Canons of Dort).","catechism, creeds, confessions, reference",English,2019,Copyright,https://gcp.org/products/creeds-and-confessions,https://gcp.org/products/creeds-and-confessions,Great Commission Publications,https://gcp.org/products/creeds-and-confessions,,FALSE,"Churches, reference libraries",,,,Comprehensive confessional collection,gcp.org,,,,100,
hc-rev-movses-janbazian-heidelberg-catechism,Heidelberg Catechism Audio Recording from URC Learning,Rev. Movses Janbazian,audio_podcast,Heidelberg,"52-episode podcast featuring audio recordings of the Heidelberg Catechism, one of the Three Forms of Unity.","audio, podcast, free, mobile",English,,Free,https://podcasts.apple.com/us/podcast/heidelberg-catechism-audio-recording-from-urc-learning/id317152513,https://podcasts.apple.com/us/podcast/heidelberg-catechism-audio-recording-from-urc-learning/id317152513,Free,,,FALSE,"All ages, mobile listening",,,,Available on Apple Podcasts and urclearning.org,"podcasts.apple.com, urclearning.org",,,,100,
hc-rev-adam-kaloostian-heidelberg-catechism,Heidelberg Catechism Curriculum for Families from URC Learning,Rev. Adam Kaloostian,curriculum,Heidelberg,Free downloadable curriculum for families with printable workbooks. Designed for church families and home use.,"curriculum, family, free, downloadable",English,,Free,https://urclearning.org/families/,https://urclearning.org/families/,Free,,,FALSE,"Families, homeschool, Sunday school",,,,Includes podcast and printable materials,urclearning.org,,,,100,
hc-the-heidelblog-the-heidelberg-catec,The Heidelberg Catechism Podcast,The Heidelblog,audio_podcast,Heidelberg,Podcast series arranged in 52 Lord's Days taking Christians through basics of the Christian faith.,"podcast, audio, teaching, free",English,,Free,https://heidelblog.net/heidelpod/,https://heidelblog.net/heidelpod/,Free,,,FALSE,"General audience, new believers",,,,Available on various podcast platforms,heidelblog.net,,,,95,
hc-zacharias-ursinus-caspar-olevianus-heidelberg-catechism,Heidelberg Catechism - LibriVox Audiobook,"Zacharias Ursinus, Caspar Olevianus",audio,Heidelberg,Free public domain audiobook of the Heidelberg Catechism available for download and streaming.,"audio, free, public domain, audiobook",English,,Public Domain,https://archive.org/details/heidelberg_catechism_1002_librivox,https://archive.org/details/heidelberg_catechism_1002_librivox,Free,,,FALSE,"All ages, audio learners",,,,Internet Archive collection,archive.org,,,,100,
hc-kevin-j-bidwell-and-others-heidelberg-catechism,Heidelberg Catechism Sermons - Sheffield Presbyterian Church,Kevin J. Bidwell and others,sermon_series,Heidelberg,"35-sermon series on various questions of the catechism, available on SermonAudio.","sermons, audio, free, Presbyterian",English,,Free,https://www.sermonaudio.com/series/45610,https://www.sermonaudio.com/series/45610,Free,,,FALSE,"All ages, sermon listeners",,,,SermonAudio platform,sermonaudio.com,,,,95,
hc-rev-g-i-williamson-heidelberg-catechism,Heidelberg Catechism - GIW Sermon Series,Rev. G. I. Williamson,sermon_series,Heidelberg,51-sermon series by Rev. G.I. Williamson from Covenant OPC.,"sermons, audio, free, OPC",English,,Free,https://www.sermonaudio.com/series/7458,https://www.sermonaudio.com/series/7458,Free,,,FALSE,"Pastors, serious students",,,,By the author of the popular study guide,sermonaudio.com,,,,100,
hc-rev-harold-miller-first-united-reforme-2021,First United Reformed Church of Oak Lawn - Heidelberg Catechism Series,Rev. Harold Miller,sermon_series,Heidelberg,61-sermon series spanning October 2021 to May 2025.,"sermons, audio, free, URC, contemporary",English,2021-2025,Free,https://www.sermonaudio.com/series/153933,https://www.sermonaudio.com/series/153933,Free,,,FALSE,"All ages, contemporary preaching",,,,Recent comprehensive series,sermonaudio.com,,,,95,
hc-chris-engelsma-covenant-united-refo,Covenant United Reformed Church - Heidelberg Catechism Series,Chris Engelsma,sermon_series,Heidelberg,Comprehensive 131-sermon series covering all Lord's Days.,"sermons, audio, free, URC, comprehensive",English,,Free,https://www.sermonaudio.com,https://www.sermonaudio.com,Free,,,FALSE,"All ages, detailed study",,,,Most comprehensive sermon series found,sermonaudio.com,,,,90,
hc-pastor-jack-schoeman-emmanuel-free-reform-2023,Emmanuel Free Reformed Church - Heidelberg Catechism Series,Pastor Jack Schoeman,sermon_series,Heidelberg,20-sermon series from October 2023 to November 2024.,"sermons, audio, free, Free Reformed, recent",English,2023-2024,Free,https://www.sermonaudio.com/series/183376,https://www.sermonaudio.com/series/183376,Free,,,FALSE,"All ages, recent preaching",,,,Recent series,sermonaudio.com,,,,95,
hc-kevin-deyoung-christ-covenant-chur,Christ Covenant Church - Heidelberg Catechism Sermon Series (Kevin DeYoung Archive),Kevin DeYoung,sermon_series,Heidelberg,Sermon series by Kevin DeYoung on the Heidelberg Catechism.,"sermons, audio, video, Kevin DeYoung",English,,Free,https://christcovenant.org/sermon-series/pastor-kevin-deyoung-archive/heidelberg-catechism/,https://christcovenant.org/sermon-series/pastor-kevin-deyoung-archive/heidelberg-catechism/,Free,,,FALSE,"All ages, popular preacher",,,,By author of 'The Good News We Almost Forgot',christcovenant.org,,,,100,
hc-rev-herman-hoeksema-herman-hoeksema-comp-1930,Herman Hoeksema - Complete Set of HC Sermons,Rev. Herman Hoeksema,sermon_collection,Heidelberg,Complete sermon series preached in the 1930s at First PRC Grand Rapids. Available in PDF form.,"sermons, historical, PRCA, written",English,1930s,Free,https://www.prca.org/resources/sermons/reading/heidelberg-catechism/item/3444-complete-set-of-hc-sermons-by-rev-h-hoeksema,https://www.prca.org/resources/sermons/reading/heidelberg-catechism/item/3444-complete-set-of-hc-sermons-by-rev-h-hoeksema,Free,,,FALSE,"Pastors, serious students, historical interest",,,,Classic PRCA exposition,"prca.org, prcaphilippinesaudio.wordpress.com",,,,100,
hc-various-prca-ministers-prca-heidelberg-cate,PRCA Heidelberg Catechism Sermons Archive,Various PRCA ministers,sermon_collection,Heidelberg,"Collection of written sermons, sermon outlines, and audio recordings from Protestant Reformed Churches covering all 52 Lord's Days.","sermons, audio, written, free, PRCA",English,,Free,http://www.prca.org/audiosermons/sermonHC.htm,http://www.prca.org/audiosermons/sermonHC.htm,Free,,,FALSE,"All ages, PRCA members",,,,Extensive collection from multiple ministers,prca.org,,,,100,
hc-various-rfpa-ministers-heritage-recordings-,Heritage Recordings - Heidelberg Catechism Sermons,Various RFPA ministers,audio,Heidelberg,Free MP3/WMA downloads of Heidelberg Catechism sermons from Reformed Free Publishing Association.,"audio, sermons, free, RFPA, MP3",English,,Free,https://rfpa.org/pages/heritage-recordings-heidelberg-catechism-sermons-mp3-wma,https://rfpa.org/pages/heritage-recordings-heidelberg-catechism-sermons-mp3-wma,Free,,,FALSE,"All ages, audio learners",,,,Reformed Free Publishing Association,rfpa.org,,,,100,
hc-various-canadian-reformed-ministers-theseedinfo-heidelbe,TheSeed.info - Heidelberg Catechism Sermon Archive,Various Canadian Reformed ministers,sermon_collection,Heidelberg,"Written Reformed sermons organized by Lord's Day, solidly Reformed text sermons.","sermons, written, free, Canadian Reformed",English,,Free,https://theseed.info/book.php?ID=LD1,https://theseed.info/book.php?ID=LD1,Free,,,FALSE,"Pastors, sermon preparation",,,,Organized by Lord's Day for easy navigation,theseed.info,,,,95,
hc-various-authors-including-henry-j-kuiper-george-w--classic-studies-on-t-1800,Classic Studies on the Heidelberg Catechism (16 vols.),"Various authors including Henry J. Kuiper, George W. Richards, Otto Thelemann",academic,Heidelberg,"Late-19th and early-20th century studies, 16 volumes, nearly 5,000 pages. Digital collection on Logos.","academic, historical, scholarly, Logos",English,1800s-1900s,Copyright,https://www.logos.com/product/29517/classic-studies-on-the-heidelberg-catechism?ssi=0,https://www.logos.com/product/29517/classic-studies-on-the-heidelberg-catechism?ssi=0,Logos Bible Software,https://www.logos.com/product/29517/classic-studies-on-the-heidelberg-catechism?ssi=0,,FALSE,"Scholars, digital library users",,,,Comprehensive digital collection,logos.com,,,,100,
hc-various-heidelberg-catechism-Hist,"Heidelberg Catechism in German, Latin and English: With an Historical Introduction",Various,historical_text,Heidelberg,Critical edition containing the catechism in all three original languages with historical introduction.,"historical, multilingual, academic, reference","German, Latin, English",Historical,Public Domain,https://archive.org/details/heidelbergcatech00newy,https://archive.org/details/heidelbergcatech00newy,Free,,,FALSE,"Scholars, language students, historians",,,,Available on Internet Archive and Logos,"archive.org, logos.com",,,,100,
hc-various-translators-the-heidelberg-catec,The Heidelberg Catechism: A New Translation for the 21st Century,Various translators,catechism_text,Heidelberg,Modern 21st century translation of the Heidelberg Catechism.,"catechism, modern translation, contemporary",English,,Copyright,https://archive.org/details/heidelbergcatech0000unse_m5k8,https://archive.org/details/heidelbergcatech0000unse_m5k8,,,,FALSE,Contemporary readers,,,,Available on Internet Archive,archive.org,,,,85,
hc-various-the-heidelberg-catec-Hist,"The Heidelberg Catechism: The German text, with a revised translation and introduction",Various,historical_text,Heidelberg,German original with revised English translation and scholarly introduction.,"historical, German, scholarly, translation","German, English",Historical,Public Domain,https://archive.org/details/heidelch00lond,https://archive.org/details/heidelch00lond,Free,,,FALSE,"Scholars, German readers",,,,Internet Archive,archive.org,,,,95,
hc-a-c-whitmer-notes-on-the-heidelb-Hist,"Notes on the Heidelberg Catechism for Parents, Teachers and Catechumens",A. C. Whitmer,study_notes,Heidelberg,"Historical study notes designed for parents, teachers, and those learning the catechism.","study notes, teaching, historical",English,Historical,Public Domain,https://archive.org/details/notesonheidelber00whit/notesonheidelber00whit,https://archive.org/details/notesonheidelber00whit/notesonheidelber00whit,Free,,,FALSE,"Teachers, parents, catechism students",,,,"Internet Archive, historical resource",archive.org,,,,90,
hc-james-i-good-the-heidelberg-catec-Earl,The Heidelberg Catechism in its Newest Light,James I. Good,historical_study,Heidelberg,Historical examination of the Heidelberg Catechism by James I. Good.,"historical, academic, scholarly",English,Early 1900s,Public Domain,https://archive.org/details/heidelbergcatech00good,https://archive.org/details/heidelbergcatech00good,Free,,,FALSE,"Historians, scholars",,,,Also available on Logos Bible Software,"archive.org, logos.com",,,,95,
hc-various-aid-to-the-heidelber,Aid to the Heidelberg Catechism,Various,study_aid,Heidelberg,"Study aid resource for understanding the Heidelberg Catechism, available on Logos.","study aid, reference, digital",English,,Copyright,https://www.logos.com/product/28154/aid-to-the-heidelberg-catechism?ssi=0,https://www.logos.com/product/28154/aid-to-the-heidelberg-catechism?ssi=0,Logos Bible Software,https://www.logos.com/product/28154/aid-to-the-heidelberg-catechism?ssi=0,,FALSE,"Logos users, digital study",,,,Logos digital resource,logos.com,,,,85,
hc-various-the-heidelberg-catec,The Heidelberg Catechism: Historical and Doctrinal Studies,Various,academic,Heidelberg,Collection of historical and doctrinal studies on the Heidelberg Catechism.,"academic, historical, doctrinal, scholarly",English,,Copyright,https://www.logos.com/product/122112/the-heidelberg-catechism-historical-and-doctrinal-studies?ssi=0,https://www.logos.com/product/122112/the-heidelberg-catechism-historical-and-doctrinal-studies?ssi=0,Logos Bible Software,https://www.logos.com/product/122112/the-heidelberg-catechism-historical-and-doctrinal-studies?ssi=0,,FALSE,"Scholars, seminary students",,,,Logos digital collection,logos.com,,,,90,
hc-lyle-bierma-and-others-baker-academic-heide,Baker Academic Heidelberg Catechism Collection (2 vols.),Lyle Bierma and others,academic,Heidelberg,"Two-volume Baker Academic collection examining sources, history, theology. Includes first English translations of Ursinus' Smaller and Larger Catechisms.","academic, comprehensive, scholarly",English,,Copyright,https://www.logos.com/product/29515/baker-academic-heidelberg-catechism-collection?ssi=0,https://www.logos.com/product/29515/baker-academic-heidelberg-catechism-collection?ssi=0,Logos Bible Software,https://www.logos.com/product/29515/baker-academic-heidelberg-catechism-collection?ssi=0,,FALSE,"Scholars, seminary students, theological libraries",,,,Comprehensive academic resource on Logos,logos.com,,,,100,
hc-joel-beeke-sinclair-ferguson-reformed-confessions,Reformed Confessions Harmonized,"Joel Beeke, Sinclair Ferguson",reference,Heidelberg,"Seven important confessional statements harmonized in parallel columns, including Heidelberg Catechism, Belgic Confession, Canons of Dort, Westminster Standards.","reference, confessions, comparative, study tool",English,,Copyright,https://ligonier.org/store/reformed-confessions-harmonized-paperback,https://ligonier.org/store/reformed-confessions-harmonized-paperback,Ligonier Ministries,https://ligonier.org/store/reformed-confessions-harmonized-paperback,,FALSE,"Pastors, students, comparative study",,,,Endorsed by R.C. Sproul. Also available from Monergism Books.,ligonier.org,,,,100,
hc-opc-and-urcna-trinity-psalter-hymn-2018,Trinity Psalter Hymnal,OPC and URCNA,hymnal,Heidelberg,"Hymnal including 428 hymns, 278 Psalter selections, and the Three Forms of Unity plus Westminster Standards in the back. First hymnal to feature both confessional traditions together.","hymnal, music, worship, confessions",English,2018,Copyright,https://www.trinitypsalterhymnal.org/,https://www.trinitypsalterhymnal.org/,Trinity Psalter Hymnal,https://reformedchristianbooks.com/products/trinity-psalter-hymnal,,FALSE,"Churches, worship leaders, musicians",,,,Includes full text of Heidelberg Catechism,trinitypsalterhymnal.org,,,,100,
hc-jeremy-zeyl-heidelberg-catechism,Heidelberg Catechism Songs - Jeremy Zeyl Project,Jeremy Zeyl,music,Heidelberg,Ongoing project setting words of Heidelberg Catechism to modern music for corporate worship. CD includes booklet with all text and catechism references.,"music, worship, contemporary, congregational singing",English,,Copyright,https://worship.calvin.edu/resources/resource-library/jeremy-zeyl-on-singing-the-heidelberg-catechism/,https://worship.calvin.edu/resources/resource-library/jeremy-zeyl-on-singing-the-heidelberg-catechism/,,,,FALSE,"Worship leaders, churches, musicians",,,,Modern musical setting for congregational use,worship.calvin.edu,,,,90,
hc-ying-liang-shengqiang-liu-philip-miti-heidelberg-catechism-2023,Heidelberg Catechism Coloring Book,"Ying Liang, Shengqiang Liu, Philip Miti",children,Heidelberg,460th anniversary edition coloring book with 22 illustrative line drawings. Interactive journey for children to create personalized illustrated book.,"children, coloring book, interactive, educational",English,2023,Copyright,https://arkofpilgrims.com/product/heidelberg-catechismcoloring-book/,https://arkofpilgrims.com/product/heidelberg-catechismcoloring-book/,Ark of Pilgrims,https://arkofpilgrims.com/product/heidelberg-catechismcoloring-book/,,FALSE,"Children, Sunday school, family devotions",,,,Also available on Lulu.com,"arkofpilgrims.com, lulu.com",,,,95,
hc-various-contributors-heidelberg-catechism,Heidelberg Catechism Flashcards - Quizlet,Various contributors,study_tool,Heidelberg,Digital flashcards for memorizing Heidelberg Catechism questions and answers on Quizlet platform.,"flashcards, memorization, digital, free",English,,Free,https://quizlet.com/542453688/heidelberg-catechism-flash-cards/,https://quizlet.com/542453688/heidelberg-catechism-flash-cards/,Free,,,FALSE,"Students, memorization, digital learners",,,,Free online study tool,quizlet.com,,,,90,
hc-various-sellers-printable-catechism-,Printable Catechism Memorization Cards - Etsy,Various sellers,study_tool,Heidelberg,Printable memorization cards for Heidelberg Catechism questions 1-30.,"flashcards, memorization, printable, children",English,,Copyright,https://www.etsy.com/listing/1011578876/printable-catechism-memorization-cards,https://www.etsy.com/listing/1011578876/printable-catechism-memorization-cards,Etsy,https://www.etsy.com/listing/1011578876/printable-catechism-memorization-cards,,FALSE,"Families, Sunday school, homeschool",,,,Printable PDF format,etsy.com,,,,85,
hc-canadian-reformed-theological-seminary-sponsor-heidelberg-catechism,Heidelberg-Catechism.com Official Website,Canadian Reformed Theological Seminary (sponsor),website,Heidelberg,"Growing online collection of resources including teaching outlines, sermons, articles, translations, photos, videos, and audio recordings.","website, comprehensive, free, multimedia",Multiple languages,,Free,https://www.heidelberg-catechism.com/en/,https://www.heidelberg-catechism.com/en/,Free,,,FALSE,"All users, comprehensive resource",,,,Sponsored by Canadian Reformed Theological Seminary. Multilingual.,heidelberg-catechism.com,,,,100,
hc-united-reformed-churches-in-north-america-urc-learning-heidelb,URC Learning - Heidelberg Catechism Resources,United Reformed Churches in North America,website,Heidelberg,"Free curriculum, audio, video, and teaching resources. Includes family curriculum and mobile resources.","website, curriculum, free, comprehensive",English,,Free,https://urclearning.org/heidelberg-catechism/,https://urclearning.org/heidelberg-catechism/,Free,,,FALSE,"URC members, families, churches",,,,Comprehensive free resources including curriculum and mobile app,urclearning.org,,,,100,
hc-calvin-theological-seminary-center-for-excellenc,Center for Excellence in Preaching - Heidelberg Catechism Resources,Calvin Theological Seminary,website,Heidelberg,"Catechism sermon commentaries with fresh angles, Scripture suggestions, and illustration ideas for contemporary preaching.","preaching, sermons, teaching, free",English,,Free,https://cepreaching.org/heidelberg-catechism/,https://cepreaching.org/heidelberg-catechism/,Free,,,FALSE,"Pastors, preachers, sermon preparation",,,,Excellent preaching resource,cepreaching.org,,,,100,
hc-r-scott-clark-the-heidelblog-resou,The Heidelblog Resources,R. Scott Clark,website,Heidelberg,"Comprehensive blog with articles, resources, bibliography, and podcast on the Heidelberg Catechism.","blog, articles, bibliography, academic",English,,Free,https://heidelblog.net/heidelberg-catechism/,https://heidelblog.net/heidelberg-catechism/,Free,,,FALSE,"All levels, comprehensive resource",,,,Maintained by Westminster Seminary California professor,heidelblog.net,,,,100,
hc-blue-letter-bible-blue-letter-bible-he,Blue Letter Bible - Heidelberg Catechism,Blue Letter Bible,website,Heidelberg,Online reference for Heidelberg Catechism with creeds and confessions.,"website, reference, online, free",English,,Free,https://www.blueletterbible.org/study/ccc/heidelberg/index.cfm,https://www.blueletterbible.org/study/ccc/heidelberg/index.cfm,Free,,,FALSE,"Bible students, online study",,,,Part of larger Bible study resource,blueletterbible.org,,,,95,
hc-phill-sacre-understand-the-bible,Understand the Bible - Heidelberg Catechism Course,Phill Sacre,video_course,Heidelberg,Free video course with sessions uploaded to YouTube and Facebook. Complete playlist available.,"video, course, free, YouTube",English,,Free,https://understandthebible.uk/categories/course/heidelberg/,https://understandthebible.uk/categories/course/heidelberg/,Free,,,FALSE,"Visual learners, free online study",,,,YouTube video series,understandthebible.uk,,,,90,
hc-boniface-house-spotify-survey-of-th,Spotify - Survey of the Heidelberg Catechism,Boniface House,audio_podcast,Heidelberg,"Audio survey of the Heidelberg Catechism available on Spotify, curating theological resources in Reformed Catholic tradition.","audio, podcast, Spotify, free",English,,Free,https://open.spotify.com/show/1qq4uRoH9WncmdLyJZslUT,https://open.spotify.com/show/1qq4uRoH9WncmdLyJZslUT,Free,,,FALSE,"Audio learners, Spotify users",,,,Available on Spotify streaming platform,spotify.com,,,,85,
hc-new-brunswick-theological-seminary-exploring-the-heidel-2020,Exploring the Heidelberg Catechism - New Brunswick Theological Seminary,New Brunswick Theological Seminary,online_course,Heidelberg,"Online continuing education course examining text, composition, history, and traditional and contemporary readings.","course, seminary, continuing education",English,2020,Copyright,https://nbts.edu/line-continuing-education-course-exploring-heidelberg-catechism/,https://nbts.edu/line-continuing-education-course-exploring-heidelberg-catechism/,NBTS,https://nbts.edu/line-continuing-education-course-exploring-heidelberg-catechism/,,FALSE,"Seminary students, pastors, continuing education",,,,Reformed Church seminary course,nbts.edu,,,,90,
hc-rev-daniel-hyde-the-theology-of-the--2021,The Theology of the Heidelberg Catechism - Davenant Hall Course,Rev. Daniel Hyde,online_course,Heidelberg,Theological course on the Heidelberg Catechism offered through Davenant Institute (Spring 2021 term).,"course, theology, academic",English,2021,Copyright,https://davenantinstitute.org/the-heidelberg-catechism-still-the-churchs-book-of-comfort-davenant-hall-course-preview/,https://davenantinstitute.org/the-heidelberg-catechism-still-the-churchs-book-of-comfort-davenant-hall-course-preview/,Davenant Institute,https://davenantinstitute.org/the-heidelberg-catechism-still-the-churchs-book-of-comfort-davenant-hall-course-preview/,,FALSE,"Seminary students, theological study",,,,Davenant Hall academic course,davenantinstitute.org,,,,90,
hc-james-i-good-the-heidelberg-catec-1913,THE HEIDELBERG CATECHISM AND ITS 350th ANNIVERSARY IN 1913,James I. Good,academic_article,Heidelberg,"JSTOR article from Journal of the Presbyterian Historical Society, Vol. 7, No. 2 (June 1913), pp. 96-104.","academic, historical, JSTOR, article",English,1913,Copyright/Academic,https://www.jstor.org/stable/23323153,https://www.jstor.org/stable/23323153,JSTOR,https://www.jstor.org/stable/23323153,,FALSE,"Scholars, historians, academic research",,,,Historical journal article,jstor.org,,,,100,
hc-lyle-d-bierma-olevianus-and-the-au-1982,Olevianus and the Authorship of the Heidelberg Catechism: Another Look,Lyle D. Bierma,academic_article,Heidelberg,"Scholarly article in The Sixteenth Century Journal, Vol. 13, No. 4 (Winter 1982), pp. 17-27. Examines authorship questions.","academic, authorship, historical, scholarly",English,1982,Copyright/Academic,https://www.jstor.org/stable/2540007,https://www.jstor.org/stable/2540007,JSTOR,https://www.jstor.org/stable/2540007,,FALSE,"Scholars, church historians",,,,Important scholarship on authorship,jstor.org,,,,100,
hc-various-the-heidelberg-catec-1,The Heidelberg Catechism: A 16th century quest for unity,Various,academic_article,Heidelberg,South African journal article examining the catechism as a unifying document in 16th century context.,"academic, historical, unity, ecumenical",English,,Copyright/Academic,https://scielo.org.za/scielo.php?script=sci_arttext&pid=S0259-94222014000100043,https://scielo.org.za/scielo.php?script=sci_arttext&pid=S0259-94222014000100043,Free,,,FALSE,"Scholars, church historians",,,,Scielo South African journal,scielo.org.za,,,,90,
hc-various-on-the-historical-or,On the historical origins of the Heidelberg Catechism,Various,academic_article,Heidelberg,Academic article examining the historical origins of the catechism.,"academic, historical, origins",English,,Copyright/Academic,https://scielo.org.za/scielo.php?script=sci_arttext&pid=S1015-87582014000400003,https://scielo.org.za/scielo.php?script=sci_arttext&pid=S1015-87582014000400003,Free,,,FALSE,"Scholars, historians",,,,Scielo journal,scielo.org.za,,,,90,
hc-sungkyu-joo-justification-in-the-2021,Justification in the Heidelberg Catechism,Sungkyu Joo,academic_article,Heidelberg,"Article in Journal of Reformed Theology, Volume 15 Issue 1-2 (2021) examining justification doctrine.","academic, theology, justification, doctrine",English,2021,Copyright/Academic,https://brill.com/view/journals/jrt/15/1-2/article-p86_6.xml,https://brill.com/view/journals/jrt/15/1-2/article-p86_6.xml,Brill,https://brill.com/view/journals/jrt/15/1-2/article-p86_6.xml,,FALSE,"Theologians, scholars",,,,Recent academic journal article,brill.com,,,,95,
hc-urc-learning-heidelberg-catechism,Heidelberg Catechism Mobile App,URC Learning,mobile_app,Heidelberg,Mobile app for studying Heidelberg Catechism on the go. Available for iOS and Android.,"mobile, app, digital, free",English,,Free,https://urclearning.org/2009/07/29/heidelberg-catechism-for-iphone-now-available/,https://urclearning.org/2009/07/29/heidelberg-catechism-for-iphone-now-available/,App Store/Google Play,,,FALSE,"Mobile users, on-the-go study",,,,Also accessible via m.urclearning.org/hc,urclearning.org,,,,95,
hc-willem-j-ouweneel-the-heidelberg-diary,The Heidelberg Diary: Daily Devotions on the Heidelberg Catechism,Willem J. Ouweneel,devotional,Heidelberg,Daily devotional walking through the Heidelberg Catechism. 52 Lord's Days expanded to last all year with 4-5 parts per question/answer.,"devotional, daily, year-long, meditative",English,,Copyright,https://www.goodreads.com/en/book/show/28869992-the-heidelberg-diary,https://www.goodreads.com/en/book/show/28869992-the-heidelberg-diary,,,,FALSE,"Personal devotions, daily reading",,,,Thoughtful daily devotional format,goodreads.com,,,,85,
hc-utrecht-university-library-heidelberg-catechism-1563,Heidelberg Catechism 1563 - Utrecht University Special Collections,Utrecht University Library,historical_document,Heidelberg,Utrecht University owns most copies of first 1563 editions in the world. Digital access to facsimile editions.,"historical, manuscript, facsimile, academic","German, Latin, Dutch",1563,Public Domain/Academic,https://www.uu.nl/en/special-collections/collections/early-printed-books/theological-works/heidelberg-catechism-1563,https://www.uu.nl/en/special-collections/collections/early-printed-books/theological-works/heidelberg-catechism-1563,Free (digital),,,FALSE,"Scholars, historians, researchers",,,,Access to original 1563 editions. 2013 facsimile published.,uu.nl,,,,100,
hc-take-a-moment-website-take-a-moment-heidel,Take A Moment - Heidelberg Catechism for Children,Take A Moment website,children,Heidelberg,Explanations of Heidelberg Catechism for younger children (about 8 years and older). Each Lord's Day available as separate downloadable document.,"children, educational, free, downloadable",English,,Free,https://take1moment.weebly.com/heidelberg-catechism.html,https://take1moment.weebly.com/heidelberg-catechism.html,Free,,,FALSE,"Children ages 8+, Sunday school",,,,Also includes coloring pictures,take1moment.weebly.com,,,,85,
hc-mid-america-journal-of-theology-majt-books-on-the-he-2013,MAJT: Books on the Heidelberger - An Annotated Bibliography,Mid-America Journal of Theology,bibliography,Heidelberg,Comprehensive annotated bibliography of Heidelberg Catechism resources. MAJT 24 (2013): 5-30.,"bibliography, academic, reference, comprehensive",English,2013,Free,https://www.midamerica.edu/uploads/files/pdf/journal/02beachhcjournal2013.pdf,https://www.midamerica.edu/uploads/files/pdf/journal/02beachhcjournal2013.pdf,Free,,,FALSE,"Scholars, researchers, librarians",,,,Excellent research tool,midamerica.edu,,,,100,
hc-r-scott-clark-the-heidelblog-bibli-2013,The Heidelblog Bibliography of Confessions and Catechisms,R. Scott Clark,bibliography,Heidelberg,Comprehensive bibliography of resources on Reformed confessions and catechisms including extensive Heidelberg Catechism section.,"bibliography, reference, comprehensive, free",English,2013,Free,https://heidelblog.net/2013/08/a-bibliography-of-confessions-and-catechisms/,https://heidelblog.net/2013/08/a-bibliography-of-confessions-and-catechisms/,Free,,,FALSE,"Scholars, researchers, students",,,,Maintained by Westminster Seminary professor,heidelblog.net,,,,100,
hc-canadian-reformed-theological-seminary-canadian-reformed-th,Canadian Reformed Theological Seminary - Heidelberg Catechism Resources,Canadian Reformed Theological Seminary,website,Heidelberg,"Videos, presentations, and resources including Rev. Peter Feenstra's multi-year curriculum and teaching approach.","seminary, videos, curriculum, teaching",English,,Free,https://www.canadianreformedseminary.ca/resources.aspx?topic=2,https://www.canadianreformedseminary.ca/resources.aspx?topic=2,Free,,,FALSE,"Teachers, pastors, seminary students",,,,Sponsor of heidelberg-catechism.com,canadianreformedseminary.ca,,,,95,
hc-william-ames-william-ames-the-sub-1659,William Ames - The Substance of Christian Religion,William Ames,commentary,Heidelberg,52 lectures on chosen Scripture texts for each Lord's Day. Puritan's commentary on the Continental Heidelberg Catechism. Originally published 1659.,"commentary, Puritan, historical, classic",English,1659,Public Domain,,,,,,FALSE,"Scholars, Puritan studies, historical interest",,,,Also titled 'A Sketch of the Christian's Catechism',greenbaggins.wordpress.com,,,,85,
bc-the-belgic-confession-a-commen,The Belgic Confession: A Commentary (Volume 1),,,Belgic,,,English,,,https://www.amazon.com/Belgic-Confession-Commentary-David-Engelsma/dp/1944555331,https://www.amazon.com/Belgic-Confession-Commentary-David-Engelsma/dp/1944555331,,,1944555331,FALSE,,,,,,,,,,85,
bc-the-belgic-confession-a-commen-1,The Belgic Confession: A Commentary (Volume 2),,,Belgic,,,English,,,https://www.amazon.com/Belgic-Confession-Commentary-2/dp/1944555358,https://www.amazon.com/Belgic-Confession-Commentary-2/dp/1944555358,,,1944555358,FALSE,,,,,,,,,,85,
bc-with-heart-and-mouth-an-exposi,With Heart and Mouth: An Exposition of the Belgic Confession,,,Belgic,,,English,,,https://www.amazon.com/Heart-Mouth-Exposition-Confession-2008-05-03/dp/B01FGN6AZO,https://www.amazon.com/Heart-Mouth-Exposition-Confession-2008-05-03/dp/B01FGN6AZO,,,B01FGN6AZO,FALSE,,,,,,,,,,85,
bc-the-belgic-confession-its-hist,The Belgic Confession: Its History and Sources,,,Belgic,,,English,,,https://www.amazon.com/Belgic-Confession-History-Reformation-Post-Reformation/dp/0801032350,https://www.amazon.com/Belgic-Confession-History-Reformation-Post-Reformation/dp/0801032350,,,0801032350,FALSE,,,,,,,,,,85,
bc-confessing-the-faith-today-a-f,Confessing the Faith Today: A Fresh Look at the Belgic Confession,,,Belgic,,,English,,,https://www.amazon.com/Confessing-Faith-Today-Belgic-Confession/dp/1498286240,https://www.amazon.com/Confessing-Faith-Today-Belgic-Confession/dp/1498286240,,,1498286240,FALSE,,,,,,,,,,85,
bc-faith-of-our-fathers-studies-i,Faith of Our Fathers: Studies in the Belgic Confession,,,Belgic,,,English,,,https://www.amazon.com/Faith-Our-Fathers-Studies-Confession/dp/0983329133,https://www.amazon.com/Faith-Our-Fathers-Studies-Confession/dp/0983329133,,,0983329133,FALSE,,,,,,,,,,85,
bc-the-churchs-witness-to-the-wor,The Church's Witness to the World,,,Belgic,,,English,,,https://www.amazon.com/Churchs-Witness-World-P-Jong/dp/0888150202,https://www.amazon.com/Churchs-Witness-World-P-Jong/dp/0888150202,,,0888150202,FALSE,,,,,,,,,,85,
bc-believing-and-confessing-365-m,Believing and Confessing: 365 Meditations on the Belgic Confession,,,Belgic,,,English,,,https://www.amazon.com/Believing-Confessing-Meditations-Belgic-Confession/dp/1944555692,https://www.amazon.com/Believing-Confessing-Meditations-Belgic-Confession/dp/1944555692,,,1944555692,FALSE,,,,,,,,,,85,
bc-the-three-forms-of-unity-belgi,"The Three Forms of Unity: Belgic Confession, Heidelberg Catechism & Canons of Dort",,,Belgic,,,English,,,https://www.amazon.com/Three-Forms-Unity-Confession-Heidelberg/dp/159925378X,https://www.amazon.com/Three-Forms-Unity-Confession-Heidelberg/dp/159925378X,,,159925378X,FALSE,,,,,,,,,,85,
bc-reformed-confessions-of-the-16,"Reformed Confessions of the 16th and 17th Centuries in English Translation, Volume 2: 1552-1566",,,Belgic,,,English,,,https://www.amazon.com/Reformed-Confessions-Centuries-English-Translation/dp/1601780877,https://www.amazon.com/Reformed-Confessions-Centuries-English-Translation/dp/1601780877,,,1601780877,FALSE,,,,,,,,,,85,
bc-reformed-confessions-of-the-16-1,"Reformed Confessions of the 16th and 17th Centuries, Volume 1: 1523-1552",,,Belgic,,,English,,,https://www.amazon.com/Reformed-Confessions-Centuries-English-Translation/dp/1601780443,https://www.amazon.com/Reformed-Confessions-Centuries-English-Translation/dp/1601780443,,,1601780443,FALSE,,,,,,,,,,85,
bc-reformed-confessions-of-the-16-2,"Reformed Confessions of the 16th and 17th Centuries, Volume 3: 1567-1599",,,Belgic,,,English,,,https://www.amazon.com/Reformed-Confessions-Centuries-English-Translation/dp/1601781644,https://www.amazon.com/Reformed-Confessions-Centuries-English-Translation/dp/1601781644,,,1601781644,FALSE,,,,,,,,,,85,
bc-reformed-confessions-of-the-16-3,"Reformed Confessions of the 16th and 17th Centuries, Volume 4: 1600-1693",,,Belgic,,,English,,,https://www.amazon.com/Reformed-Confessions-Centuries-Translation-1600-1693/dp/1601782802,https://www.amazon.com/Reformed-Confessions-Centuries-Translation-1600-1693/dp/1601782802,,,1601782802,FALSE,,,,,,,,,,85,
bc-faithfulness-under-fire-the-st,Faithfulness Under Fire: The Story of Guido de Bres,,,Belgic,,,English,,,https://www.amazon.com/Faithfulness-Under-Fire-Story-Guido/dp/1601781024,https://www.amazon.com/Faithfulness-Under-Fire-Story-Guido/dp/1601781024,,,1601781024,FALSE,,,,,,,,,,85,
bc-the-quest-for-comfort-the-stor,The Quest for Comfort: The Story of the Heidelberg Catechism,,,Belgic,,,English,,,https://www.amazon.com/Quest-Comfort-Story-Heidelberg-Catechism/dp/1601781520,https://www.amazon.com/Quest-Comfort-Story-Heidelberg-Catechism/dp/1601781520,,,1601781520,FALSE,,,,,,,,,,85,
bc-the-glory-of-grace-the-story-o,The Glory of Grace: The Story of the Canons of Dort,,,Belgic,,,English,,,https://www.amazon.com/Glory-Grace-Story-Canons-Dort/dp/1601781911,https://www.amazon.com/Glory-Grace-Story-Canons-Dort/dp/1601781911,,,1601781911,FALSE,,,,,,,,,,85,
bc-simply-faith-expository-sermon,"Simply, Faith!: Expository Sermons on the Belgic Confession",,,Belgic,,,English,,,https://www.heritagebooks.org/products/simply-faith-expository-sermons-on-the-belgic-confession-schouls.html,https://www.heritagebooks.org/products/simply-faith-expository-sermons-on-the-belgic-confession-schouls.html,,,,FALSE,,,,,,,,,,85,
bc-creeds-confessions-and-catechi,"Creeds, Confessions, and Catechisms: A Reader's Edition",,,Belgic,,,English,,,https://www.amazon.com/Creeds-Confessions-Catechisms-Chad-Dixhoorn/dp/1433579871,https://www.amazon.com/Creeds-Confessions-Catechisms-Chad-Dixhoorn/dp/1433579871,,,1433579871,FALSE,,,,,,,,,,85,
bc-reformed-confessions-harmonize,Reformed Confessions Harmonized,,,Belgic,,,English,,,https://www.amazon.com/Reformed-Confessions-Harmonized-Joel-Beeke/dp/080105222X,https://www.amazon.com/Reformed-Confessions-Harmonized-Joel-Beeke/dp/080105222X,,,080105222X,FALSE,,,,,,,,,,85,
bc-article-36-of-the-belgic-confe,Article 36 of the Belgic Confession Vindicated against Dr. Abraham Kuyper,,,Belgic,,,English,,,https://www.amazon.com/Belgic-Confession-Vindicated-against-Abraham/dp/9076660522,https://www.amazon.com/Belgic-Confession-Vindicated-against-Abraham/dp/9076660522,,,9076660522,FALSE,,,,,,,,,,85,
bc-everything-in-christ-the-chris,Everything in Christ: The Christian Faith Outlined According to the Belgic Confession,,,Belgic,,,English,,,https://www.amazon.com/Everything-Christ-Clarence-Stam/dp/0887560164,https://www.amazon.com/Everything-Christ-Clarence-Stam/dp/0887560164,,,0887560164,FALSE,,,,,,,,,,85,
bc-the-church-says-amen-an-exposi,The Church Says Amen: An Exposition of the Belgic Confession,,,Belgic,,,English,,,https://www.amazon.co.uk/Church-Says-Amen-Exposition-Confession/dp/0921100175,https://www.amazon.co.uk/Church-Says-Amen-Exposition-Confession/dp/0921100175,,,0921100175,FALSE,,,,,,,,,,85,
bc-the-overflowing-riches-of-my-g,The Overflowing Riches of My God: Revisiting the Belgic Confession,,,Belgic,,,English,,,https://www.amazon.com/Overflowing-Riches-My-God/dp/0887560946,https://www.amazon.com/Overflowing-Riches-My-God/dp/0887560946,,,0887560946,FALSE,,,,,,,,,,85,
bc-for-the-cause-of-the-son-of-go,For the Cause of the Son of God: The Missionary Significance of the Belgic Confession,,,Belgic,,,English,,,https://www.goodreads.com/book/show/13821184,https://www.goodreads.com/book/show/13821184,,,,FALSE,,,,,,,,,,85,
bc-the-three-forms-of-unity-multi,The Three Forms of Unity (Multiple Editions),,,Belgic,,,English,,,https://www.amazon.com/s?k=Three+Forms+of+Unity,https://www.amazon.com/s?k=Three+Forms+of+Unity,,,,FALSE,,,,,,,,,,85,
bc-first-christian-reformed-churc,First Christian Reformed Church - Belgic Confession Sermon Series,,,Belgic,,,English,,,https://www.sermonaudio.com/series/155883,https://www.sermonaudio.com/series/155883,,,,FALSE,,,,,,,,,,85,
bc-bethel-free-reformed-church-be,Bethel Free Reformed Church - Belgic Confession Series,,,Belgic,,,English,,,https://www.sermonaudio.com/series/49363,https://www.sermonaudio.com/series/49363,,,,FALSE,,,,,,,,,,85,
bc-covenant-of-grace-protestant-r,Covenant Of Grace Protestant Reformed Church Series,,,Belgic,,,English,,,https://www.sermonaudio.com/series/77939,https://www.sermonaudio.com/series/77939,,,,FALSE,,,,,,,,,,85,
bc-grace-reformed-church-belgic-c,Grace Reformed Church - Belgic Confession Series,,,Belgic,,,English,,,https://www.sermonaudio.com/series/105754,https://www.sermonaudio.com/series/105754,,,,FALSE,,,,,,,,,,85,
bc-christ-reformed-church-belgic-,Christ Reformed Church - Belgic Confession Series,,,Belgic,,,English,,,https://www.sermonaudio.com/series/34044,https://www.sermonaudio.com/series/34044,,,,FALSE,,,,,,,,,,85,
bc-dr-kim-riddlebargers-belgic-co,Dr. Kim Riddlebarger's Belgic Confession Commentary,,,Belgic,,,English,,,http://kimriddlebarger.squarespace.com/a-commentary-on-the-belgic-con/,http://kimriddlebarger.squarespace.com/a-commentary-on-the-belgic-con/,,,,FALSE,,,,,,,,,,85,
bc-westside-reformed-church-belgi,Westside Reformed Church - Belgic Confession Series,,,Belgic,,,English,,,http://westsidereformed.org/series/belgic-confession/,http://westsidereformed.org/series/belgic-confession/,,,,FALSE,,,,,,,,,,85,
bc-covenant-united-reformed-churc,Covenant United Reformed Church - Belgic Confession Sermons,,,Belgic,,,English,,,https://podcasts.apple.com/us/podcast/belgic-confession-sermons-archives-covenant-united/id1350291988,https://podcasts.apple.com/us/podcast/belgic-confession-sermons-archives-covenant-united/id1350291988,,,,FALSE,,,,,,,,,,85,
bc-cprc-belgic-confession-classes,CPRC Belgic Confession Classes (CD/DVD Box Sets),,,Belgic,,,English,,,https://www.cprf.co.uk/audio/belgicconfessionclass.htm,https://www.cprf.co.uk/audio/belgicconfessionclass.htm,,,,FALSE,,,,,,,,,,85,
bc-guilt-grace-gratitude-podcast-,Guilt Grace Gratitude Podcast - Belgic Confession Series,,,Belgic,,,English,,,https://podcasters.spotify.com/pod/show/gggpodcast,https://podcasters.spotify.com/pod/show/gggpodcast,,,,FALSE,,,,,,,,,,85,
bc-bibletheory-podcast-belgic-con,Bibletheory Podcast - Belgic Confession,,,Belgic,,,English,,,https://podcasters.spotify.com/pod/show/bibletheory,https://podcasters.spotify.com/pod/show/bibletheory,,,,FALSE,,,,,,,,,,85,
bc-todd-kuperuss-belgic-confessio,Todd Kuperus's Belgic Confession Audio Recording,,,Belgic,,,English,,,https://podcasts.apple.com/us/podcast/belgic-confession/id1765417235,https://podcasts.apple.com/us/podcast/belgic-confession/id1765417235,,,,FALSE,,,,,,,,,,85,
bc-the-blessed-hope-podcast-with-,The Blessed Hope Podcast with Dr. Kim Riddlebarger,,,Belgic,,,English,,,https://www.kimriddlebarger.com/the-blessed-hope-podcast,https://www.kimriddlebarger.com/the-blessed-hope-podcast,,,,FALSE,,,,,,,,,,85,
bc-heidelberg-reformation-associa,Heidelberg Reformation Association - Complete Audio Version,,,Belgic,,,English,,,https://heidelblog.net/2023/10/new-complete-audio-version-of-the-belgic-confession/,https://heidelblog.net/2023/10/new-complete-audio-version-of-the-belgic-confession/,,,,FALSE,,,,,,,,,,85,
bc-puritan-publications-the-belgi,Puritan Publications - The Belgic Confession MP3 Series,,,Belgic,,,English,,,http://www.puritanpublications.com/product/the-belgic-confession-mp3-series/,http://www.puritanpublications.com/product/the-belgic-confession-mp3-series/,,,,FALSE,,,,,,,,,,85,
bc-christian-creeds-confessions-a,Christian Creeds & Confessions App,,,Belgic,,,English,,,https://apps.apple.com/us/app/christian-creeds-confessions/id359513722,https://apps.apple.com/us/app/christian-creeds-confessions/id359513722,,,,FALSE,,,,,,,,,,85,
bc-reformedapp,ReformedApp,,,Belgic,,,English,,,https://apps.apple.com/us/app/reformedapp/id1457603662,https://apps.apple.com/us/app/reformedapp/id1457603662,,,,FALSE,,,,,,,,,,85,
bc-belgic-confession-google-play-,Belgic Confession - Google Play Books,,,Belgic,,,English,,,https://play.google.com/store/books/details/Belgic_Confession?id=5u9fafrHJ1oC,https://play.google.com/store/books/details/Belgic_Confession?id=5u9fafrHJ1oC,,,,FALSE,,,,,,,,,,85,
bc-monergism-belgic-confession-fr,Monergism - Belgic Confession Free eBook,,,Belgic,,,English,,,https://www.monergism.com/belgic-confession-faith-ebook,https://www.monergism.com/belgic-confession-faith-ebook,,,,FALSE,,,,,,,,,,85,
bc-crcna-belgic-confession-pdf-20,CRCNA Belgic Confession PDF (2011 Version),,,Belgic,,,English,,,https://www.crcna.org/sites/default/files/BelgicConfession.pdf,https://www.crcna.org/sites/default/files/BelgicConfession.pdf,,,,FALSE,,,,,,,,,,85,
bc-crcna-belgic-confession-pdf-19,CRCNA Belgic Confession PDF (1985 Version),,,Belgic,,,English,,,https://www.crcna.org/sites/default/files/Belgic%20Confession_old.pdf,https://www.crcna.org/sites/default/files/Belgic%20Confession_old.pdf,,,,FALSE,,,,,,,,,,85,
bc-urc-learning-belgic-confession,URC Learning - Belgic Confession PDF,,,Belgic,,,English,,,https://urclearning.org/wp-content/uploads/Belgic.pdf,https://urclearning.org/wp-content/uploads/Belgic.pdf,,,,FALSE,,,,,,,,,,85,
bc-urcna-three-forms-website-belg,URCNA Three Forms Website - Belgic Confession,,,Belgic,,,English,,,https://threeforms.org/the-belgic-confession/,https://threeforms.org/the-belgic-confession/,,,,FALSE,,,,,,,,,,85,
bc-crc-network-belgic-confession-,CRC Network - Belgic Confession Study PDFs and Worksheets,,,Belgic,,,English,,,https://network.crcna.org/topic/spiritual-formation/small-groups/easy-group-study-belgic-confession,https://network.crcna.org/topic/spiritual-formation/small-groups/easy-group-study-belgic-confession,,,,FALSE,,,,,,,,,,85,
bc-prts-belgic-confession-with-in,PRTS Belgic Confession with Introduction PDF,,,Belgic,,,English,,,https://prts.edu/wp-content/uploads/2016/12/Belgic-Confession-of-Faith-with-Intro.pdf,https://prts.edu/wp-content/uploads/2016/12/Belgic-Confession-of-Faith-with-Intro.pdf,,,,FALSE,,,,,,,,,,85,
bc-a-comparison-of-guy-de-brs-le,A Comparison of Guy de Brs' Le baston de la foy chrestienne and the Belgic Confession,,,Belgic,,,English,,,https://brill.com/view/journals/chrc/104/2/article-p221_6.xml,https://brill.com/view/journals/chrc/104/2/article-p221_6.xml,,,,FALSE,,,,,,,,,,85,
bc-john-calvin-and-the-belgic-con,John Calvin and the Belgic Confession,,,Belgic,,,English,,,https://pdfs.semanticscholar.org/64ef/85543afe482fcbc3762fe9f74fa3535b447d.pdf,https://pdfs.semanticscholar.org/64ef/85543afe482fcbc3762fe9f74fa3535b447d.pdf,,,,FALSE,,,,,,,,,,85,
bc-westminster-theological-semina,Westminster Theological Seminary - Belgic Confession Resource Page,,,Belgic,,,English,,,https://students.wts.edu/resources/creeds/belgicconfession.html,https://students.wts.edu/resources/creeds/belgicconfession.html,,,,FALSE,,,,,,,,,,85,
bc-westminster-seminary-californi,Westminster Seminary California - Belgic Confession Page,,,Belgic,,,English,,,https://www.wscal.edu/belgic-confession/,https://www.wscal.edu/belgic-confession/,,,,FALSE,,,,,,,,,,85,
bc-the-belgic-confession-by-corne,The Belgic Confession by Cornelis Venema,,,Belgic,,,English,,,https://learn.ligonier.org/articles/belgic-confession,https://learn.ligonier.org/articles/belgic-confession,,,,FALSE,,,,,,,,,,85,
bc-mid-america-journal-of-theolog,Mid-America Journal of Theology - Belgic Confession Articles,,,Belgic,,,English,,,https://www.midamerica.edu/journal,https://www.midamerica.edu/journal,,,,FALSE,,,,,,,,,,85,
bc-canadian-reformed-seminary-lib,Canadian Reformed Seminary - Library Resources on Belgic Confession,,,Belgic,,,English,,,https://canadianreformedseminary.ca/library/library-guides-by-subject/pathfinder-1410/,https://canadianreformedseminary.ca/library/library-guides-by-subject/pathfinder-1410/,,,,FALSE,,,,,,,,,,85,
bc-prts-transform-three-forms-of-,PRTS Transform - Three Forms of Unity II: Belgic Confession Course,,,Belgic,,,English,,,https://transform.prts.edu/course/belgic-confession,https://transform.prts.edu/course/belgic-confession,,,,FALSE,,,,,,,,,,85,
bc-urc-learning-belgic-confession-1,URC Learning - Belgic Confession Online Course,,,Belgic,,,English,,,https://urclearning.org/belgic-confession/,https://urclearning.org/belgic-confession/,,,,FALSE,,,,,,,,,,85,
bc-mid-america-reformed-seminary-,Mid-America Reformed Seminary MARSCast - Three Forms of Unity: The Belgic Confession,,,Belgic,,,English,,,https://www.midamerica.edu/podcasts/marscast/58/three-forms-of-unity-the-belgic-confession,https://www.midamerica.edu/podcasts/marscast/58/three-forms-of-unity-the-belgic-confession,,,,FALSE,,,,,,,,,,85,
bc-life-in-christ-catechism-curri,Life in Christ Catechism Curriculum,,,Belgic,,,English,,,https://reformedchristianbooks.com/collections/study-guides/products/life-in-christ-catechism-curriculum-home-library,https://reformedchristianbooks.com/collections/study-guides/products/life-in-christ-catechism-curriculum-home-library,,,,FALSE,,,,,,,,,,85,
bc-covenantal-catechism-series,Covenantal Catechism Series,,,Belgic,,,English,,,https://canonpress.com/products/covenantal-catechism-book-1-bundle,https://canonpress.com/products/covenantal-catechism-book-1-bundle,,,,FALSE,,,,,,,,,,85,
bc-christian-study-library-belgic,Christian Study Library - Belgic Confession Lesson PDFs,,,Belgic,,,English,,,"https://www.christianstudylibrary.org/files/pub/articles/20180938%20-%20Klaas%20Stam%20-%20Lesson%203,%20The%20Belgic%20Confession,%20Introduction%20Articles%201%20and%202.pdf","https://www.christianstudylibrary.org/files/pub/articles/20180938%20-%20Klaas%20Stam%20-%20Lesson%203,%20The%20Belgic%20Confession,%20Introduction%20Articles%201%20and%202.pdf",,,,FALSE,,,,,,,,,,85,
bc-the-heidelblog-resources-on-th,The Heidelblog - Resources on the Belgic Confession (1561),,,Belgic,,,English,,,https://heidelblog.net/belgic/,https://heidelblog.net/belgic/,,,,FALSE,,,,,,,,,,85,
bc-the-gospel-coalition-belgic-co,The Gospel Coalition - Belgic Confession of Faith (1561),,,Belgic,,,English,,,https://www.thegospelcoalition.org/publication-online/belgic-confession/,https://www.thegospelcoalition.org/publication-online/belgic-confession/,,,,FALSE,,,,,,,,,,85,
bc-standard-bearer-magazine-exten,Standard Bearer Magazine - Extensive Article Series,,,Belgic,,,English,,,https://sb.rfpa.org/,https://sb.rfpa.org/,,,,FALSE,,,,,,,,,,85,
bc-core-christianity-introducing-,Core Christianity - Introducing the Belgic Confession,,,Belgic,,,English,,,https://corechristianity.com/resources/articles/introducing-the-belgic-confession,https://corechristianity.com/resources/articles/introducing-the-belgic-confession,,,,FALSE,,,,,,,,,,85,
bc-covenant-reformed-church-belgi,Covenant Reformed Church - Belgic Confession Vimeo Video,,,Belgic,,,English,,,https://vimeo.com/27725345,https://vimeo.com/27725345,,,,FALSE,,,,,,,,,,85,
bc-christ-reformed-church-of-alex,Christ Reformed Church of Alexandria - Facebook Video Series,,,Belgic,,,English,,,https://www.facebook.com/CRCAlexandria/videos/,https://www.facebook.com/CRCAlexandria/videos/,,,,FALSE,,,,,,,,,,85,
bc-reformed-standards-of-unity,Reformed Standards of Unity,,,Belgic,,,English,,,https://www.wtsbooks.com/products/reformed-standards-of-unity-9781955859066,https://www.wtsbooks.com/products/reformed-standards-of-unity-9781955859066,,,,FALSE,,,,,,,,,,85,
bc-logos-bible-software-the-belgi,Logos Bible Software - The Belgic Confession: Its History and Sources,,,Belgic,,,English,,,https://www.logos.com/product/166410/the-belgic-confession-its-history-and-sources,https://www.logos.com/product/166410/the-belgic-confession-its-history-and-sources,,,,FALSE,,,,,,,,,,85,
bc-verbum-catholic-bible-study-lo,Verbum Catholic Bible Study (Logos Compatible),,,Belgic,,,English,,,https://verbum.com/,https://verbum.com/,,,,FALSE,,,,,,,,,,85,
bc-internet-archive-the-churchs-w,Internet Archive - The Church's Witness to the World,,,Belgic,,,English,,,https://archive.org/details/churchswitnessto0000dejo,https://archive.org/details/churchswitnessto0000dejo,,,,FALSE,,,,,,,,,,85,
bc-internet-history-sourcebooks-t,Internet History Sourcebooks - The Belgic Confession,,,Belgic,,,English,,,https://sourcebooks.fordham.edu/mod/1562belgicconfession.asp,https://sourcebooks.fordham.edu/mod/1562belgicconfession.asp,,,,FALSE,,,,,,,,,,85,
bc-mysword-modules-the-overflowin,MySword Modules - The Overflowing Riches of My God,,,Belgic,,,English,,,https://www.myswordmodules.com/systematic-theology/catechisms-creeds/bouwman-c-the-overflowing-riches-of-my-god-belgic-confession/,https://www.myswordmodules.com/systematic-theology/catechisms-creeds/bouwman-c-the-overflowing-riches-of-my-god-belgic-confession/,,,,FALSE,,,,,,,,,,85,
bc-prca-belgic-confession-officia,PRCA - Belgic Confession Official Standards Page,,,Belgic,,,English,,,http://www.prca.org/about/official-standards/creeds/three-forms-of-unity/belgic-confession,http://www.prca.org/about/official-standards/creeds/three-forms-of-unity/belgic-confession,,,,FALSE,,,,,,,,,,85,
bc-canadian-reformed-churches-the,Canadian Reformed Churches - The Belgic Confession,,,Belgic,,,English,,,https://canrc.org/the-belgic-confession,https://canrc.org/the-belgic-confession,,,,FALSE,,,,,,,,,,85,
bc-rca-the-belgic-confession,RCA - The Belgic Confession,,,Belgic,,,English,,,https://www.rca.org/about/theology/creeds-and-confessions/the-belgic-confession/,https://www.rca.org/about/theology/creeds-and-confessions/the-belgic-confession/,,,,FALSE,,,,,,,,,,85,
bc-reformed-free-publishing-assoc,Reformed Free Publishing Association - Multiple Belgic Confession Resources,,,Belgic,,,English,,,https://rfpa.org/,https://rfpa.org/,,,,FALSE,,,,,,,,,,85,
bc-reformation-heritage-books-bel,Reformation Heritage Books - Belgic Confession Publications,,,Belgic,,,English,,,https://www.heritagebooks.org/,https://www.heritagebooks.org/,,,,FALSE,,,,,,,,,,85,
bc-the-belgic-confession-and-its-,The Belgic Confession and Its Biblical Basis,,,Belgic,,,English,,,https://www.amazon.com/Belgic-Confession-Its-Biblical-Basis/dp/0921100418,https://www.amazon.com/Belgic-Confession-Its-Biblical-Basis/dp/0921100418,,,0921100418,FALSE,,,,,,,,,,85,
bc-annotated-bibliography-on-the-,Annotated Bibliography on the Belgic Confession and Guido de Bres,,,Belgic,,,English,,,https://sb.rfpa.org/annotated-bibliography-on-the-belgic-confession-1651-and-guido-de-bres-1522-1567/,https://sb.rfpa.org/annotated-bibliography-on-the-belgic-confession-1651-and-guido-de-bres-1522-1567/,,,,FALSE,,,,,,,,,,85,
bc-reformed-theology-at-a-puritan,Reformed Theology at A Puritan's Mind - Belgic Confession Resources,,,Belgic,,,English,,,https://www.apuritansmind.com/,https://www.apuritansmind.com/,,,,FALSE,,,,,,,,,,85,
bc-the-catholicity-of-the-belgic-,THE CATHOLICITY OF THE BELGIC CONFESSION,,,Belgic,,,English,,,https://spindleworks.com/library/faber/008_theca.htm,https://spindleworks.com/library/faber/008_theca.htm,,,,FALSE,,,,,,,,,,85,
bc-ordained-servant-reformed-conf,Ordained Servant - Reformed Confessions: The Belgic Confession (1561),,,Belgic,,,English,,,https://opc.org/os.html?article_id=634,https://opc.org/os.html?article_id=634,,,,FALSE,,,,,,,,,,85,
bc-modern-reformation-articles-on,Modern Reformation - Articles on Belgic Confession,,,Belgic,,,English,,,https://www.modernreformation.org/,https://www.modernreformation.org/,,,,FALSE,,,,,,,,,,85,
cd-the-canons-of-dort-a-study-gui,The Canons of Dort: A study guide,,,Canons,,,English,,,,,,,B0006BTF68,FALSE,,,,,,,,,,85,
cd-a-new-english-translation-of-t,A New English Translation of the Canons of Dort,,,Canons,,,English,,,,,,,B000KI2UTG,FALSE,,,,,,,,,,85,
cd-saving-the-reformation-the-pas,Saving the Reformation: The Pastoral Theology of the Canons of Dort,,,Canons,,,English,,,,,,,B09W8S5PBS,FALSE,,,,,,,,,,85,
cd-the-three-forms-of-unity-heide,The three forms of unity Heidelberg catechism Belgic confession Canons of Dort 1900,,,Canons,,,English,,,,,,,B07QXCDMX7,FALSE,,,,,,,,,,85,
cd-the-canons-of-dort-the-decisio,The Canons of Dort: The Decision of the Synod of Dordt on the Five Main Points of Doctrine in Dispute in the Netherlands,,,Canons,,,English,,,,,,,,FALSE,,,,,,,,,,85,
cd-the-canons-of-dort-tulip,The Canons of Dort & TULIP,,,Canons,,,English,,,,,,,,FALSE,,,,,,,,,,85,
cd-the-canons-of-dort-gods-freedo,"The Canons of Dort: God's Freedom, Justice, and Persistence",,,Canons,,,English,,,,,,,,FALSE,,,,,,,,,,85,
cd-the-glory-of-grace-the-story-o,The Glory of Grace: the Story of the Canons of Dort,,,Canons,,,English,,,,,,,,FALSE,,,,,,,,,,85,
cd-but-for-the-grace-of-god-an-ex,But for the Grace of God: An Exposition of the Canons of Dort,,,Canons,,,English,,,,,,,,FALSE,,,,,,,,,,85,
cd-the-three-forms-of-unity,The Three Forms of Unity,,,Canons,,,English,,,,,,,,FALSE,,,,,,,,,,85,
cd-the-articles-of-the-synod-of-d,The articles of the Synod of Dort,,,Canons,,,English,,,,,,,,FALSE,,,,,,,,,,85,
cd-the-synod-of-dort-historical-t,"The Synod of Dort: Historical, Theological, and Experiential Perspectives",,,Canons,,,English,,,,,,,,FALSE,,,,,,,,,,85,
cd-tulip-the-five-points-of-calvi,Tulip: The Five Points of Calvinism in the Light of Scripture,,,Canons,,,English,,,,,,,,FALSE,,,,,,,,,,85,
cd-tulip-the-five-disputed-points,T.U.L.I.P.: The Five Disputed Points of Calvinism,,,Canons,,,English,,,,,,,,FALSE,,,,,,,,,,85,
cd-five-points-of-calvinism-the,"Five Points of Calvinism, The",,,Canons,,,English,,,,,,,,FALSE,,,,,,,,,,85,
cd-unspeakable-comfort-a-commenta,Unspeakable Comfort: A Commentary on the Canons of Dort,,,Canons,,,English,,,,,,,,FALSE,,,,,,,,,,85,
cd-grace-and-assurance-the-messag,Grace and Assurance: The Message of the Canons of Dordt,,,Canons,,,English,,,,,,,,FALSE,,,,,,,,,,85,
cd-revisiting-the-synod-of-dordt-,Revisiting the Synod of Dordt 1618-1619,,,Canons,,,English,,,,,,,,FALSE,,,,,,,,,,85,
cd-the-synod-of-dordt-16181619-an,The Synod of Dordt (16181619) and the Canons: Historical Perspectives,,,Canons,,,English,,,,,,,,FALSE,,,,,,,,,,85,
cd-early-sessions-of-the-synod-of,Early Sessions of the Synod of Dordt (Acta Et Documenta Synodi Nationalis Dordrechtanae (1618-1619),,,Canons,,,English,,,,,,,,FALSE,,,,,,,,,,85,
cd-the-convening-of-the-synod-of-,The Convening of the Synod of Dordt (Acta Et Documenta Synodi Nationalis Dordrechtanae (1618-1619),,,Canons,,,English,,,,,,,,FALSE,,,,,,,,,,85,
cd-acta-of-the-synod-of-dordt-act,Acta of the Synod of Dordt (Acta Et Documenta Synodi Nationalis Dordrechtanae (1618-1619),,,Canons,,,English,,,,,,,,FALSE,,,,,,,,,,85,
cd-a-landmark-in-turbulent-times-,A Landmark in Turbulent Times: The Meaning and Relevance of the Synod of Dordt (1618-1619),,,Canons,,,English,,,,,,,,FALSE,,,,,,,,,,85,
cd-the-three-forms-of-unity-belgi,"The Three Forms of Unity: Belgic Confession of Faith, Heidelberg Catechism & Canons of Dort",,,Canons,,,English,,,,,,,,FALSE,,,,,,,,,,85,
cd-the-three-forms-of-unity-the-h,"The Three Forms of Unity: The Heidelberg Cathechism, Modern English Version, the Belgic Confession of Faith & The Canons of Dort",,,Canons,,,English,,,,,,,,FALSE,,,,,,,,,,85,
cd-the-three-forms-of-unity-heide-1,"The Three Forms of Unity: Heidelberg Catechism, Belgic Confession, Canons of Dort (Classic Reprint)",,,Canons,,,English,,,,,,,,FALSE,,,,,,,,,,85,
cd-the-deeper-faith-an-exposition,The deeper faith: An exposition of the Canons of the Synod of Dort,,,Canons,,,English,,,,,,,B0007FCAKQ,FALSE,,,,,,,,,,85,
cd-the-crisis-of-calvinism-in-rev,"The Crisis of Calvinism in Revolutionary England, 1640-1660: Arminian Theologies of Predestination and Grace",,,Canons,,,English,,,,,,,,FALSE,,,,,,,,,,85,
cd-calvinism-vs-arminianism-the-b,CALVINISM VS. ARMINIANISM: The Bible Answers,,,Canons,,,English,,,,,,,,FALSE,,,,,,,,,,85,
cd-the-great-debate-calvinism-arm,"The great debate: Calvinism, Arminianism, and salvation",,,Canons,,,English,,,,,,,,FALSE,,,,,,,,,,85,
cd-a-faith-worth-defending-the-sy,A Faith Worth Defending: The Synod of Dort's Enduring Heritage,,,Canons,,,English,,,,,,,,FALSE,,,,,,,,,,85,
cd-a-place-like-heaven-an-introdu,A Place Like Heaven: An Introduction to the Synod of Dort,,,Canons,,,English,,,,,,,,FALSE,,,,,,,,,,85,
cd-the-history-and-theology-of-ca,The History and Theology of Calvinism,,,Canons,,,English,,,,,,,,FALSE,,,,,,,,,,85,
cd-five-points-of-calvinism,Five Points Of Calvinism,,,Canons,,,English,,,,,,,,FALSE,,,,,,,,,,85,
cd-evangelistic-calvinism,Evangelistic Calvinism,,,Canons,,,English,,,,,,,,FALSE,,,,,,,,,,85,
cd-the-practical-implications-of-,The Practical Implications of Calvinism,,,Canons,,,English,,,,,,,,FALSE,,,,,,,,,,85,
cd-ten-myths-about-calvinism-reco,Ten Myths About Calvinism: Recovering the Breadth of the Reformed Tradition,,,Canons,,,English,,,,,,,,FALSE,,,,,,,,,,85,
cd-for-calvinism,For Calvinism,,,Canons,,,English,,,,,,,,FALSE,,,,,,,,,,85,
cd-the-reformed-doctrine-of-prede,The Reformed Doctrine of Predestination,,,Canons,,,English,,,,,,,,FALSE,,,,,,,,,,85,
cd-reformed-dogmatics,Reformed dogmatics,,,Canons,,,English,,,,,,,,FALSE,,,,,,,,,,85,
cd-what-are-election-and-predesti,What Are Election and Predestination? (Basics of the Reformed Faith),,,Canons,,,English,,,,,,,,FALSE,,,,,,,,,,85,
cd-the-sovereignty-of-god,The Sovereignty of God,,,Canons,,,English,,,,,,,,FALSE,,,,,,,,,,85,
cd-grace-worth-fighting-for-recap,Grace Worth Fighting For: Recapturing the Vision of God's Grace in the Canons of Dort,,,Canons,,,English,,,,,,,,FALSE,,,,,,,,,,85,
cd-spurgeon-vs-hyper-calvinism-th,Spurgeon vs. Hyper-Calvinism: The Battle for Gospel Preaching,,,Canons,,,English,,,,,,,,FALSE,,,,,,,,,,85,
cd-debating-calvinism-five-points,"Debating Calvinism: Five Points, Two Views",,,Canons,,,English,,,,,,,,FALSE,,,,,,,,,,85,
cd-the-potters-freedom-a-defense-,The Potter's Freedom: A Defense of the Reformation and a Rebuttal To Norman Geisler's Chosen But Free,,,Canons,,,English,,,,,,,,FALSE,,,,,,,,,,85,
cd-reforming-free-will-a-conversa,Reforming Free Will: A Conversation on the History of Reformed Views on Compatibilism (1500-1800),,,Canons,,,English,,,,,,,,FALSE,,,,,,,,,,85,
cd-the-providence-of-god-contours,The Providence of God (Contours of Christian Theology),,,Canons,,,English,,,,,,,,FALSE,,,,,,,,,,85,
cd-post-reformation-reformed-dogm,"Post-Reformation Reformed Dogmatics: The Rise and Development of Reformed Orthodoxy, ca. 1520 to ca. 1725 (4 vols.)",,,Canons,,,English,,,,,,,,FALSE,,,,,,,,,,85,
cd-reformed-dogmatics-single-volu,Reformed Dogmatics (Single Volume Edition): A System of Christian Theology,,,Canons,,,English,,,,,,,,FALSE,,,,,,,,,,85,
cd-the-doctrine-of-the-covenant-i,The Doctrine of the Covenant in Reformed Theology,,,Canons,,,English,,,,,,,,FALSE,,,,,,,,,,85,
cd-systematic-theology,Systematic Theology,,,Canons,,,English,,,,,,,,FALSE,,,,,,,,,,85,
cd-summary-of-christian-doctrine,Summary of Christian Doctrine,,,Canons,,,English,,,,,,,,FALSE,,,,,,,,,,85,
cd-twelve-sermons-on-election,Twelve Sermons on Election,,,Canons,,,English,,,,,,,B00LDCEIZ2,FALSE,,,,,,,,,,85,
cd-spurgeon-and-the-doctrines-of-,Spurgeon and the Doctrines of Grace: Sermons on Calvinism and Its Practical Application,,,Canons,,,English,,,,,,,,FALSE,,,,,,,,,,85,
cd-in-defense-of-calvinism-with-s,In Defense of Calvinism: With Select Sermons on the Doctrines of Grace,,,Canons,,,English,,,,,,,B00MR9Z6ZQ,FALSE,,,,,,,,,,85,
cd-defense-of-calvinism,Defense of Calvinism,,,Canons,,,English,,,,,,,,FALSE,,,,,,,,,,85,
cd-chosen-by-god,Chosen by God,,,Canons,,,English,,,,,,,,FALSE,,,,,,,,,,85,
cd-what-is-reformed-theology-unde,What is Reformed Theology?: Understanding the Basics,,,Canons,,,English,,,,,,,,FALSE,,,,,,,,,,85,
cd-five-points-towards-a-deeper-e,Five Points: Towards a Deeper Experience of God's Grace,,,Canons,,,English,,,,,,,,FALSE,,,,,,,,,,85,
cd-the-five-points-of-calvinism-d,"The Five Points of Calvinism: Defined, Defended, Documented",,,Canons,,,English,,,,,,,,FALSE,,,,,,,,,,85,
cd-evangelism-and-the-sovereignty,Evangelism and the Sovereignty of God,,,Canons,,,English,,,,,,,,FALSE,,,,,,,,,,85,
cd-knowing-god,Knowing God,,,Canons,,,English,,,,,,,,FALSE,,,,,,,,,,85,
cd-institutes-of-elenctic-theolog,Institutes of Elenctic Theology (3 Volume Set),,,Canons,,,English,,,,,,,,FALSE,,,,,,,,,,85,
cd-reformed-dogmatics-4-volume-se,Reformed Dogmatics (4 Volume Set),,,Canons,,,English,,,,,,,,FALSE,,,,,,,,,,85,
cd-reformed-dogmatics-abridged-in,Reformed Dogmatics: Abridged in One Volume,,,Canons,,,English,,,,,,,,FALSE,,,,,,,,,,85,
cd-esv-reformation-study-bible,ESV Reformation Study Bible,,,Canons,,,English,,,,,,,,FALSE,,,,,,,,,,85,
cd-the-works-of-john-owen-d-d-vol,"The Works of John Owen, D. D, Vol. 6: Containing the Doctrine of the Saints' Perseverance Explained and Confirmed",,,Canons,,,English,,,,,,,,FALSE,,,,,,,,,,85,
cd-lectures-on-calvinism-stone-le,Lectures on Calvinism (Stone Lectures of 1898),,,Canons,,,English,,,,,,,,FALSE,,,,,,,,,,85,
cd-the-plan-of-salvation,The Plan of Salvation,,,Canons,,,English,,,,,,,,FALSE,,,,,,,,,,85,
cd-still-sovereign-contemporary-p,"Still Sovereign: Contemporary Perspectives on Election, Foreknowledge, and Grace",,,Canons,,,English,,,,,,,,FALSE,,,,,,,,,,85,
cd-chosen-for-life-the-case-for-d,Chosen for Life: The Case for Divine Election,,,Canons,,,English,,,,,,,,FALSE,,,,,,,,,,85,
cd-simply-trinity-the-unmanipulat,"Simply Trinity: The Unmanipulated Father, Son, and Spirit",,,Canons,,,English,,,,,,,,FALSE,,,,,,,,,,85,
cd-reformation-theology-a-systema,Reformation Theology: A Systematic Summary,,,Canons,,,English,,,,,,,,FALSE,,,,,,,,,,85,
cd-compel-them-to-come-in-calvini,Compel Them to Come In: Calvinism and the Free Offer of the Gospel,,,Canons,,,English,,,,,,,,FALSE,,,,,,,,,,85,
cd-from-the-marrow-men-to-the-mod,From the Marrow Men to the Moderates: Scottish Theology 17001800,,,Canons,,,English,,,,,,,,FALSE,,,,,,,,,,85,
cd-therefore-the-truth-i-speak-sc,Therefore the Truth I Speak: Scottish Theology 1500  1700,,,Canons,,,English,,,,,,,,FALSE,,,,,,,,,,85,
cd-the-presbyterian-philosopher-t,The Presbyterian Philosopher: The Authorized Biography of Gordon H. Clark,,,Canons,,,English,,,,,,,,FALSE,,,,,,,,,,85,
cd-grace-defined-and-defended-wha,"Grace Defined and Defended: What a 400-Year-Old Confession Teaches Us about Sin, Salvation, and the Sovereignty of God",,,Canons,,,English,,,,,,,,FALSE,,,,,,,,,,85,
cd-the-history-and-theology-of-ca-1,The History and Theology of Calvinism,,,Canons,,,English,,,,,,,,FALSE,,,,,,,,,,85,
cd-the-doctrines-of-grace-redisco,The Doctrines of Grace: Rediscovering the Evangelical Gospel,,,Canons,,,English,,,,,,,,FALSE,,,,,,,,,,85,
cd-the-commentary-of-dr-zacharias,The Commentary of Dr. Zacharias Ursinus on the Heidelberg Catechism,,,Canons,,,English,,,,,,,,FALSE,,,,,,,,,,85,
cd-the-heidelberg-catechism,The Heidelberg Catechism,,,Canons,,,English,,,,,,,,FALSE,,,,,,,,,,85,
cd-the-belgic-confession-truth-wo,The Belgic Confession: Truth Worth Dying For,,,Canons,,,English,,,,,,,,FALSE,,,,,,,,,,85,
cd-systematic-theology-an-introdu,Systematic Theology: An Introduction to Christian Belief,,,Canons,,,English,,,,,,,,FALSE,,,,,,,,,,85,
cd-no-place-for-sovereignty-whats,No Place for Sovereignty: What's Wrong with Freewill Theism,,,Canons,,,English,,,,,,,,FALSE,,,,,,,,,,85,
cd-pilgrim-theology-core-doctrine,Pilgrim Theology: Core Doctrines for Christian Disciples,,,Canons,,,English,,,,,,,,FALSE,,,,,,,,,,85,
cd-the-westminster-confession-of-,The Westminster Confession of Faith and Catechisms As Adopted By the Presbyterian Church in America,,,Canons,,,English,,,,,,,,FALSE,,,,,,,,,,85,
cd-the-westminster-confession-the,"The Westminster Confession: the Confession of Faith, the Larger and Shorter Catechism",,,Canons,,,English,,,,,,,,FALSE,,,,,,,,,,85,
cd-caspar-olevian-and-the-substan,Caspar Olevian and the Substance of the Covenant,,,Canons,,,English,,,,,,,,FALSE,,,,,,,,,,85,
cd-german-calvinism-in-the-confes,German Calvinism in the Confessional Age: The Covenant Theology of Caspar Olevianus,,,Canons,,,English,,,,,,,,FALSE,,,,,,,,,,85,
cd-an-exposition-of-the-apostles-,An Exposition of the Apostles' Creed - Classic Reformed Theology Series,,,Canons,,,English,,,,,,,,FALSE,,,,,,,,,,85,
cd-standing-forth-collected-writi,Standing Forth: Collected Writings of Roger Nicole,,,Canons,,,English,,,,,,,,FALSE,,,,,,,,,,85,
cd-the-reformers-and-their-stepch,The Reformers and Their Stepchildren,,,Canons,,,English,,,,,,,,FALSE,,,,,,,,,,85,
cd-saved-by-grace,Saved by Grace,,,Canons,,,English,,,,,,,,FALSE,,,,,,,,,,85,
cd-created-in-gods-image,Created in God's Image,,,Canons,,,English,,,,,,,,FALSE,,,,,,,,,,85,
tfu-the-three-forms-of-unity-belgi,"The Three Forms of Unity: Belgic Confession of Faith, Heidelberg Catechism & Canons of Dort",,,General,,,English,,,,,,,159925378X,FALSE,,,,,,,,,,85,
tfu-the-three-forms-of-unity-leath,The Three Forms of Unity - Leather-Bound Hardcover Edition,,,General,,,English,,,,,,,1599252473,FALSE,,,,,,,,,,85,
tfu-the-three-forms-of-unity-subor,The Three Forms of Unity: Subordinate Doctrinal Standards,,,General,,,English,,,,,,,1461099633,FALSE,,,,,,,,,,85,
tfu-the-three-forms-of-unity,The Three Forms of Unity,,,General,,,English,,,,,,,B008NHI4XM,FALSE,,,,,,,,,,85,
tfu-the-three-forms-of-unity-the-h,"The Three Forms of Unity: The Heidelberg Catechism, Modern English Version, the Belgic Confession of Faith & The Canons of Dort with the Harmony of the Three Forms of Unity",,,General,,,English,,,,,,,1575792192,FALSE,,,,,,,,,,85,
tfu-three-forms-of-unity-the-belgi,"Three Forms of Unity: The Belgic Confession of Faith, The Heidelberg Catechism, The Canons of Dort",,,General,,,English,,,,,,,B0BLJC1VJ2,FALSE,,,,,,,,,,85,
tfu-the-three-forms-of-unity-inclu,"The Three Forms of Unity: includes the Belgic Confession, the Heidelberg Catechism, and the Canons of Dort",,,General,,,English,,,,,,,B0CY28C2NN,FALSE,,,,,,,,,,85,
tfu-the-three-forms-of-unity-heide,"The three forms of unity: Heidelberg catechism, Belgic confession, Canons of Dort",,,General,,,English,,,,,,,B009ZPPBY6,FALSE,,,,,,,,,,85,
tfu-reformed-standards-of-unity-th,Reformed Standards of Unity: The Historic Statements of Faith Confessed by the Presbyterian and Reformed Churches,,,General,,,English,,,,,,,195585906X,FALSE,,,,,,,,,,85,
tfu-reformed-standards-of-unity,Reformed Standards of Unity,,,General,,,English,,,,,,,B0BSNWBBXF,FALSE,,,,,,,,,,85,
tfu-our-faith-ecumenical-creeds-re,"Our Faith: Ecumenical Creeds, Reformed Confessions, and Other Resources",,,General,,,English,,,,,,,1592557252,FALSE,,,,,,,,,,85,
tfu-reformed-confessions-harmonize,Reformed Confessions Harmonized,,,General,,,English,,,,,,,080105222X,FALSE,,,,,,,,,,85,
tfu-the-commentary-of-dr-zacharias,The Commentary of Dr. Zacharias Ursinus on the Heidelberg Catechism,,,General,,,English,,,,,,,0875524540,FALSE,,,,,,,,,,85,
tfu-the-triple-knowledge-an-exposi,The Triple Knowledge: An Exposition of the Heidelberg Catechism (3 Volume Set),,,General,,,English,,,,,,,091620605X,FALSE,,,,,,,,,,85,
tfu-study-helps-on-the-heidelberg-,Study Helps on the Heidelberg Catechism,,,General,,,English,,,,,,,1466349107,FALSE,,,,,,,,,,85,
tfu-heidelberg-catechism-sermons,Heidelberg Catechism Sermons,,,General,,,English,,,,,,,,FALSE,,,,,,,,,,85,
tfu-the-belgic-confession-a-commen,The Belgic Confession: A Commentary (Volume 1),,,General,,,English,,,,,,,1944555331,FALSE,,,,,,,,,,85,
tfu-the-belgic-confession-a-commen-1,The Belgic Confession: A Commentary (Volume 2),,,General,,,English,,,,,,,1944555358,FALSE,,,,,,,,,,85,
tfu-with-heart-and-mouth-an-exposi,With Heart and Mouth: An Exposition of the Belgic Confession,,,General,,,English,,,,,,,B082445VQW,FALSE,,,,,,,,,,85,
tfu-the-belgic-confession-its-hist,The Belgic Confession: Its History and Sources,,,General,,,English,,,,,,,0801032350,FALSE,,,,,,,,,,85,
tfu-saving-the-reformation-the-pas,Saving the Reformation: The Pastoral Theology of the Canons of Dort,,,General,,,English,,,,,,,1642890308,FALSE,,,,,,,,,,85,
tfu-the-canons-of-dort-a-study-gui,The Canons of Dort: A study guide,,,General,,,English,,,,,,,B0006BTF68,FALSE,,,,,,,,,,85,
tfu-the-deeper-faith-an-exposition,The deeper faith: An exposition of the Canons of the Synod of Dort,,,General,,,English,,,,,,,B0007FCAKQ,FALSE,,,,,,,,,,85,
tfu-the-canons-of-dort-tulip,The Canons of Dort & TULIP,,,General,,,English,,,,,,,1081436565,FALSE,,,,,,,,,,85,
tfu-the-canons-of-dort-gods-freedo,"The Canons of Dort: God's Freedom, Justice, and Persistence",,,General,,,English,,,,,,,1956060022,FALSE,,,,,,,,,,85,
tfu-lyle-d-bierma-donald-sinnema-the-three-forms-of-u,The Three Forms of Unity (Chapter in Oxford Handbook of Reformed Theology),Lyle D. Bierma & Donald Sinnema,,General,,,English,,,,,,,,FALSE,,,,,,,,,,85,
tfu-a-faith-worth-teaching-the-hei,A Faith Worth Teaching: The Heidelberg Catechism's Enduring Heritage,,,General,,,English,,,,,,,1601782187,FALSE,,,,,,,,,,85,
tfu-three-forms-of-unity-i-symboli,Three Forms of Unity I: Symbolics,,,General,,,English,,,https://transform.prts.edu/course/441-three-forms-of-unity,https://transform.prts.edu/course/441-three-forms-of-unity,,,,FALSE,,,,,,,,,,85,
tfu-three-forms-of-unity-ii-belgic,Three Forms of Unity II: Belgic Confession,,,General,,,English,,,https://transform.prts.edu/course/belgic-confession,https://transform.prts.edu/course/belgic-confession,,,,FALSE,,,,,,,,,,85,
tfu-htst615-reformed-confessions-t,HT/ST615 Reformed Confessions (Three Forms of Unity),,,General,,,English,,,,,,,,FALSE,,,,,,,,,,85,
tfu-the-three-forms-of-unity-1,The Three Forms of Unity,,,General,,,English,,,https://learn.ligonier.org/collections/the-three-forms-of-unity,https://learn.ligonier.org/collections/the-three-forms-of-unity,,,,FALSE,,,,,,,,,,85,
tfu-tabletalk-magazine-april-2008--Apri,"Tabletalk Magazine, April 2008: The Three Forms of Unity",,,General,,,English,April 2008,,,,,,,FALSE,,,,,,,,,,85,
tfu-the-three-forms-of-unity-pdf,The Three Forms of Unity (PDF),,,General,,,English,,,https://www.rcus.org/wp-content/uploads/2021/12/Three-Forms-of-Unity-2011-edition.pdf,https://www.rcus.org/wp-content/uploads/2021/12/Three-Forms-of-Unity-2011-edition.pdf,,,,FALSE,,,,,,,,,,85,
tfu-the-three-forms-of-unity-pdf-1,The Three Forms of Unity (PDF),,,General,,,English,,,https://urclearning.org/wp-content/uploads/3_forms.pdf,https://urclearning.org/wp-content/uploads/3_forms.pdf,,,,FALSE,,,,,,,,,,85,
tfu-the-three-forms-of-unity-multi,The Three Forms of Unity (Multiple Formats),,,General,,,English,,,https://www.monergism.com/three-forms-unity-ebook,https://www.monergism.com/three-forms-unity-ebook,,,,FALSE,,,,,,,,,,85,
tfu-the-three-forms-of-unity-heide-1,"The three forms of unity: Heidelberg catechism, Belgic confession, Canons of Dort",,,General,,,English,,,https://archive.org/details/threeformsofunit00slmi,https://archive.org/details/threeformsofunit00slmi,,,,FALSE,,,,,,,,,,85,
tfu-the-three-forms-of-unity-the-h-1,"The three forms of unity: the Heidelberg catechism, modern English version, the Belgic Confession of faith & The canons of Dort with the harmony of the three forms of unity",,,General,,,English,,,https://archive.org/details/threeformsofunit0000unse,https://archive.org/details/threeformsofunit0000unse,,,,FALSE,,,,,,,,,,85,
tfu-commentary-on-the-heidelberg-c,Commentary on the Heidelberg Catechism,,,General,,,English,,,https://www.monergism.com/thethreshold/sdg/ursinus/Commentary on the Heidelberg Ca - Zacharias Ursinus.pdf,https://www.monergism.com/thethreshold/sdg/ursinus/Commentary on the Heidelberg Ca - Zacharias Ursinus.pdf,,,,FALSE,,,,,,,,,,85,
tfu-three-forms-of-unity-official-,Three Forms of Unity Official URCNA Site,,,General,,,English,,,https://www.urcna.org/threeforms,https://www.urcna.org/threeforms,,,,FALSE,,,,,,,,,,85,
tfu-threeformsorg,ThreeForms.org,,,General,,,English,,,https://threeforms.org/introduction-to-the-creeds-and-confessions/,https://threeforms.org/introduction-to-the-creeds-and-confessions/,,,,FALSE,,,,,,,,,,85,
tfu-the-confessions-belgic-canons-,"The Confessions: Belgic, Canons of Dort, and Heidelberg Catechism",,,General,,,English,,,https://network.crcna.org/topic/worship/general-worship/confessions-belgic-canons-dort-and-heidelberg-catechism,https://network.crcna.org/topic/worship/general-worship/confessions-belgic-canons-dort-and-heidelberg-catechism,,,,FALSE,,,,,,,,,,85,
tfu-synopsis-of-the-three-forms-of,Synopsis of the Three Forms of Unity,,,General,,,English,,,https://heidelblog.net/2012/09/synopsis-of-the-three-forms-of-unity-belgic-confession-heidelberg-catechism-canons-of-dort/,https://heidelblog.net/2012/09/synopsis-of-the-three-forms-of-unity-belgic-confession-heidelberg-catechism-canons-of-dort/,,,,FALSE,,,,,,,,,,85,
tfu-discovering-the-depth-of-refor,Discovering the Depth of Reformed Faith: The Three Forms of Unity,,,General,,,English,,,https://rgta.org.za/discovering-the-three-forms-of-unity/,https://rgta.org.za/discovering-the-three-forms-of-unity/,,,,FALSE,,,,,,,,,,85,
tfu-wikipedia-three-forms-of-unity,Wikipedia: Three Forms of Unity,,,General,,,English,,,https://en.wikipedia.org/wiki/Three_Forms_of_Unity,https://en.wikipedia.org/wiki/Three_Forms_of_Unity,,,,FALSE,,,,,,,,,,85,
tfu-qa-what-are-the-three-forms-of,Q&A: What are the Three Forms of Unity?,,,General,,,English,,,https://thirdmill.org/answers/answer.asp/file/46708,https://thirdmill.org/answers/answer.asp/file/46708,,,,FALSE,,,,,,,,,,85,
tfu-the-westminster-standards-comp,The Westminster Standards Compared to the Three Forms of Unity,,,General,,,English,,,https://www.christianstudylibrary.org/article/westminster-standards-compared-three-forms-unity,https://www.christianstudylibrary.org/article/westminster-standards-compared-three-forms-unity,,,,FALSE,,,,,,,,,,85,
tfu-reformed-confessions-catechism,Reformed Confessions & Catechisms Study Resources,,,General,,,English,,,https://confessionalism.wordpress.com/,https://confessionalism.wordpress.com/,,,,FALSE,,,,,,,,,,85,
